Workbook
Name aircrafttype: #REF!
Name Boeing: '[1]PSA Escalation'!$H$4
Name BoeingPPDS: '[1]PSA Escalation'!$H$5
Name Canadian: #REF!
Name ColourPerc: [2]Formats!#REF!
Name ColourStart: [2]Formats!#REF!
Name ColourStart1: [2]Formats!#REF!
Name ColourStart2: [2]Formats!#REF!
Name CoverIncDisclaimer: #REF!
Name Crown: #REF!
Name DATA1: #REF!
Name DATA10: #REF!
Name DATA11: #REF!
Name DATA12: #REF!
Name DATA13: #REF!
Name DATA14: #REF!
Name DATA15: #REF!
Name DATA16: #REF!
Name DATA17: #REF!
Name DATA18: #REF!
Name DATA19: #REF!
Name DATA2: #REF!
Name DATA20: #REF!
Name DATA21: #REF!
Name DATA3: #REF!
Name DATA4: #REF!
Name DATA5: #REF!
Name DATA6: #REF!
Name DATA7: #REF!
Name DATA8: #REF!
Name DATA9: #REF!
Name Date: #REF!
Name doctypedescription: #REF!
Name doctypefull: #REF!
Name Dollar: #REF!
Name EMB170190_AMS: '[1]PSA Escalation'!$H$14
Name Euro: #REF!
Name Fleetparam: #REF!
Name FleetParamRows: #REF!
Name forecast: #REF!
Name Franc: #REF!
Name FutureDel: #REF!
Name INCDisclaimer: #REF!
Name lastrundate: #REF!
Name nameofairline: #REF!
Name Negative: '[1]Non-Constrained'!$D$38:$I$42
Name Negative2: '[1]2Tier&ATC'!$D$36:$E$40
Name Neutral: '[1]Non-Constrained'!$D$31:$I$35
Name Neutral2: '[1]2Tier&ATC'!$D$29:$E$33
Name No: #REF!
Name note: #REF!
Name note2: [3]Parameter!#REF!
Name Positive: '[1]Non-Constrained'!$D$24:$I$28
Name Positive2: '[1]2Tier&ATC'!$D$22:$E$26
Name Pound: #REF!
Name price: #REF!
Name PW_A380_GP7000: '[1]PSA Escalation'!$H$9
Name rates: #REF!
Name studytitle: #REF!
Name studytypefulldescription: #REF!

Sheet Parameters
A1: Supported Fleet Statistics | F1: ESS CODE | G1: Tolerance Level
A2: Annual Flying Hours (per aircraft) | C2: see Column B in Provisioning Model tab | F2: 1 | G2: 0
A3: Total Repair Time (Including Freight) | C3: see Column J in Provisioning Model tab | F3: 2 | G3: 0
A4: CRF | B4: 0 | C4: 0-1 | F4: 3 | G4: 0
A8: Provisioning Criteria | B8: ESS | C8: Protection Level | D8: Minimum Annual Demand (MAD) | E8: Arisings TRT | F8: Actual TRT Demand | G8: Actual Fill Rate (TAT) | H8: Arisings TRT (Annual) | I8: Actual TRT Demand (Annual) | J8: Actual Fill Rate (Annual) | L8: Desired SL%
A9: Target Fill Rate % Ess 1 | B9: 1 | C9: 0.98 | D9: 0.1 | E9: =' PROVISIONING Model'!BI284 -> 139.15 | F9: =' PROVISIONING Model'!BM284 -> 137.23089 | G9: =F9/E9 -> 0.98620837 | H9: =' PROVISIONING Model'!BQ284 -> 1115.614 | I9: =' PROVISIONING Model'!BU284 -> 1100.2245 | J9: =I9/H9 -> 0.98620533 | L9: 98
A10: Target Fill Rate % Ess 2 | B10: 2 | C10: 0.93 | D10: 0.1 | E10: =' PROVISIONING Model'!BJ284 -> 248.49 | F10: =' PROVISIONING Model'!BN284 -> 237.13467 | G10: =F10/E10 -> 0.95430267 | H10: =' PROVISIONING Model'!BR284 -> 1991.4962 | I10: =' PROVISIONING Model'!BV284 -> 1899.8751 | J10: =I10/H10 -> 0.95399386 | L10: 95
A11: Target Fill Rate % Ess 3 | B11: 3 | C11: 0.91 | D11: 0.1 | E11: =' PROVISIONING Model'!BK284 -> 83.26 | F11: =' PROVISIONING Model'!BO284 -> 77.261447 | G11: =F11/E11 -> 0.92795396 | H11: =' PROVISIONING Model'!BS284 -> 653.39287 | I11: =' PROVISIONING Model'!BW284 -> 606.52276 | J11: =I11/H11 -> 0.92826657 | L11: 92
C12: Vary the Protection Level in Column C such that the "Actual Fill Rate" in Column G meets the Desired Service Level% in Column L
A16: PNs with #N/A output issues - record data if applicable
A17: Prt Number | B17: Selected MTBUR | C17: amended MTBUR

Sheet  PROVISIONING Model
A1: PN | B1: Annual FH | C1: SPC | D1: ESS | E1: QPA | F1: MTBUR for IP | G1: RRI | H1: Buy Price (USD) | I1: Aircraft Count | J1: TAT | K1: Annual Demand - Dann | L1: Expected Demand during Re-supply Time | M1: Protection Level (P.L) | N1: MAD | O1: Does part qualify as spare? | P1: M1 | Q1: M2 | R1: M3 | S1: M4 | T1: M5 | U1: M6 | V1: M7 | W1: M8 | X1: M9 | Y1: M10 | Z1: M11 | AA1: M12 | AB1: M13 | AC1: M14 | AD1: M15 | AE1: M16 | AF1: M17 | AG1: M18 | AH1: M19 | AI1: M20 | AJ1: M21 | AK1: M22 | AL1: M23 | AM1: M24 | AN1: M25 | AO1: M26 | AP1: M27 | AQ1: M28 | AR1: M29 | AS1: M30 | AT1: M31 | AU1: M32 | AV1: M33 | AW1: M34 | AX1: M35 | AY1: M36 | AZ1: M37 | BA1: M38 | BB1: M39 | BC1: M40 | BD1: M41 | BE1: M42 | BF1: Actual P.L. | BG1: Deviation | BH1: Calculation Status | BI1: ESS1 Arising TRT | BJ1: ESS2 Arising TRT | BK1: ESS3 Arising TRT | BM1: ESS1 Actual TRT Demand | BN1: ESS2 Actual TRT Demand | BO1: ESS3 Actual TRT Demand | BQ1: ESS1 Arising Years | BR1: ESS2 Arising Years | BS1: ESS3 Arising Years | BU1: ESS1 Actual annual Demand | BV1: ESS2 Actual Annual Demand | BW1: ESS3 Actual Annual Demand
A2: AR4709-13 | B2: 4000 | C2: 6 | D2: 2 | E2: 1 | F2: 120000 | G2: 0 | H2: 19380 | I2: 60 | J2: 48 | K2: =B2*' PROVISIONING Model'!I2*' PROVISIONING Model'!E2/(' PROVISIONING Model'!F2*POWER(10,' PROVISIONING Model'!G2)) -> 2 | L2: =ROUND(K2*J2/365,2) -> 0.26 | M2: =VLOOKUP(D2,Parameters!$B$9:$C$11,2,FALSE) -> 0.93 | N2: =VLOOKUP(D2,Parameters!$B$9:$D$11,3,FALSE) -> 0.1 | O2: =IF(K2>N2,"Yes","No") -> Yes | P2: =IF(O2="Yes",IF(M2-ROUND(VLOOKUP(L2,'Poisson Distribution Table'!$A$4:$AO$2934,2,FALSE),2)>VLOOKUP(D2,Parameters!$F$1:$G$4,2,FALSE),1,0),0) -> 1 | Q2: =IF(M2-ROUND(POISSON(IF(O2="Yes",IF(M2-ROUND(VLOOKUP(L2,'Poisson Distribution Table'!$A$4:$AO$2934,2,FALSE),2)>VLOOKUP(D2,Parameters!$F$1:$G$4,2,FALSE),1,0),0),L2,TRUE),2)>VLOOKUP(D2,Parameters!$F$1:$G$4,2,FALSE),P2+1,P2) -> 1 | R2: =IF(IF(M2-ROUND(POISSON(Q2,L2,TRUE),2)>VLOOKUP(D2,Parameters!$F$1:$G$4,2,FALSE),"Re-calculate", "OK")="OK",Q2,Q2+1) -> 1 | S2: =IF(IF(M2-ROUND(POISSON(IF(IF(M2-ROUND(POISSON(Q2,L2,TRUE),2)>VLOOKUP(D2,Parameters!$F$1:$G$4,2,FALSE),"Re-calculate", "OK")="OK",Q2,Q2+1),L2,TRUE),2)>VLOOKUP(D2,Parameters!$F$1:$G$4,2,FALSE),"Re-calculate", "OK")="OK",R2,R2+1) -> 1 | T2: =IF(IF(M2-ROUND(POISSON(S2,L2,TRUE),2)>VLOOKUP(D2,Parameters!$F$1:$G$4,2,FALSE),"Re-calculate", "OK")="OK",S2,S2+1) -> 1 | U2: =IF(IF(M2-ROUND(POISSON(IF(IF(M2-ROUND(POISSON(S2,L2,TRUE),2)>VLOOKUP(D2,Parameters!$F$1:$G$4,2,FALSE),"Re-calculate", "OK")="OK",S2,S2+1),L2,TRUE),2)>VLOOKUP(D2,Parameters!$F$1:$G$4,2,FALSE),"Re-calculate", "OK")="OK",T2,T2+1) -> 1 | V2: =IF(IF(M2-ROUND(POISSON(U2,L2,TRUE),2)>VLOOKUP(D2,Parameters!$F$1:$G$4,2,FALSE),"Re-calculate", "OK")="OK",U2,U2+1) -> 1 | W2: =IF(IF(M2-ROUND(POISSON(IF(IF(M2-ROUND(POISSON(U2,L2,TRUE),2)>VLOOKUP(D2,Parameters!$F$1:$G$4,2,FALSE),"Re-calculate", "OK")="OK",U2,U2+1),L2,TRUE),2)>VLOOKUP(D2,Parameters!$F$1:$G$4,2,FALSE),"Re-calculate", "OK")="OK",V2,V2+1) -> 1 | X2: =IF(IF(M2-ROUND(POISSON(W2,L2,TRUE),2)>VLOOKUP(D2,Parameters!$F$1:$G$4,2,FALSE),"Re-calculate", "OK")="OK",W2,W2+1) -> 1 | Y2: =IF(IF(M2-ROUND(POISSON(X2,L2,TRUE),2)>VLOOKUP(D2,Parameters!$F$1:$G$4,2,FALSE),"Re-calculate", "OK")="OK",X2,X2+1) -> 1 | Z2: =IF(IF(M2-ROUND(POISSON(Y2,L2,TRUE),2)>VLOOKUP(D2,Parameters!$F$1:$G$4,2,FALSE),"Re-calculate", "OK")="OK",Y2,Y2+1) -> 1 | AA2: =IF(IF(M2-ROUND(POISSON(Z2,L2,TRUE),2)>VLOOKUP(D2,Parameters!$F$1:$G$4,2,FALSE),"Re-calculate", "OK")="OK",Z2,Z2+1) -> 1 | AB2: =IF(IF(M2-ROUND(POISSON(AA2,L2,TRUE),2)>VLOOKUP(D2,Parameters!$F$1:$G$4,2,FALSE),"Re-calculate", "OK")="OK",AA2,AA2+1) -> 1 | AC2: =IF(IF(M2-ROUND(POISSON(AB2,L2,TRUE),2)>VLOOKUP(D2,Parameters!$F$1:$G$4,2,FALSE),"Re-calculate", "OK")="OK",AB2,AB2+1) -> 1 | AD2: =IF(IF(M2-ROUND(POISSON(AC2,L2,TRUE),2)>VLOOKUP(D2,Parameters!$F$1:$G$4,2,FALSE),"Re-calculate", "OK")="OK",AC2,AC2+1) -> 1 | AE2: =IF(IF(M2-ROUND(POISSON(AD2,L2,TRUE),2)>VLOOKUP(D2,Parameters!$F$1:$G$4,2,FALSE),"Re-calculate", "OK")="OK",AD2,AD2+1) -> 1 | AF2: =IF(IF(M2-ROUND(POISSON(AE2,L2,TRUE),2)>VLOOKUP(D2,Parameters!$F$1:$G$4,2,FALSE),"Re-calculate", "OK")="OK",AE2,AE2+1) -> 1 | AG2: =IF(IF(M2-ROUND(POISSON(AF2,L2,TRUE),2)>VLOOKUP(D2,Parameters!$F$1:$G$4,2,FALSE),"Re-calculate", "OK")="OK",AF2,AF2+1) -> 1 | AH2: =IF(IF(M2-ROUND(POISSON(AG2,L2,TRUE),2)>VLOOKUP(D2,Parameters!$F$1:$G$4,2,FALSE),"Re-calculate", "OK")="OK",AG2,AG2+1) -> 1 | AI2: =IF(IF(M2-ROUND(POISSON(AH2,L2,TRUE),2)>VLOOKUP(D2,Parameters!$F$1:$G$4,2,FALSE),"Re-calculate", "OK")="OK",AH2,AH2+1) -> 1 | AJ2: =IF(IF(M2-ROUND(POISSON(AI2,L2,TRUE),2)>VLOOKUP(D2,Parameters!$F$1:$G$4,2,FALSE),"Re-calculate", "OK")="OK",AI2,AI2+1) -> 1 | AK2: =IF(IF(M2-ROUND(POISSON(AJ2,L2,TRUE),2)>VLOOKUP(D2,Parameters!$F$1:$G$4,2,FALSE),"Re-calculate", "OK")="OK",AJ2,AJ2+1) -> 1 | AL2: =IF(IF(M2-ROUND(POISSON(AK2,L2,TRUE),2)>VLOOKUP(D2,Parameters!$F$1:$G$4,2,FALSE),"Re-calculate", "OK")="OK",AK2,AK2+1) -> 1 | AM2: =IF(IF(M2-ROUND(POISSON(AL2,L2,TRUE),2)>VLOOKUP(D2,Parameters!$F$1:$G$4,2,FALSE),"Re-calculate", "OK")="OK",AL2,AL2+1) -> 1 | AN2: =IF(IF(M2-ROUND(POISSON(AM2,L2,TRUE),2)>VLOOKUP(D2,Parameters!$F$1:$G$4,2,FALSE),"Re-calculate", "OK")="OK",AM2,AM2+1) -> 1 | AO2: =IF(IF(M2-ROUND(POISSON(AN2,L2,TRUE),2)>VLOOKUP(D2,Parameters!$F$1:$G$4,2,FALSE),"Re-calculate", "OK")="OK",AN2,AN2+1) -> 1 | AP2: =IF(IF(M2-ROUND(POISSON(AO2,L2,TRUE),2)>VLOOKUP(D2,Parameters!$F$1:$G$4,2,FALSE),"Re-calculate", "OK")="OK",AO2,AO2+1) -> 1 | AQ2: =IF(IF(M2-ROUND(POISSON(AP2,L2,TRUE),2)>VLOOKUP(D2,Parameters!$F$1:$G$4,2,FALSE),"Re-calculate", "OK")="OK",AP2,AP2+1) -> 1 | AR2: =IF(IF(M2-ROUND(POISSON(AQ2,L2,TRUE),2)>VLOOKUP(D2,Parameters!$F$1:$G$4,2,FALSE),"Re-calculate", "OK")="OK",AQ2,AQ2+1) -> 1 | AS2: =IF(IF(M2-ROUND(POISSON(AR2,L2,TRUE),2)>VLOOKUP(D2,Parameters!$F$1:$G$4,2,FALSE),"Re-calculate", "OK")="OK",AR2,AR2+1) -> 1 | AT2: =IF(IF(M2-ROUND(POISSON(AS2,L2,TRUE),2)>VLOOKUP(D2,Parameters!$F$1:$G$4,2,FALSE),"Re-calculate", "OK")="OK",AS2,AS2+1) -> 1 | AU2: =IF(IF(M2-ROUND(POISSON(AT2,L2,TRUE),2)>VLOOKUP(D2,Parameters!$F$1:$G$4,2,FALSE),"Re-calculate", "OK")="OK",AT2,AT2+1) -> 1 | AV2: =IF(IF(M2-ROUND(POISSON(AU2,L2,TRUE),2)>VLOOKUP(D2,Parameters!$F$1:$G$4,2,FALSE),"Re-calculate", "OK")="OK",AU2,AU2+1) -> 1 | AW2: =IF(IF(M2-ROUND(POISSON(AV2,L2,TRUE),2)>VLOOKUP(D2,Parameters!$F$1:$G$4,2,FALSE),"Re-calculate", "OK")="OK",AV2,AV2+1) -> 1 | AX2: =IF(IF(M2-ROUND(POISSON(AW2,L2,TRUE),2)>VLOOKUP(D2,Parameters!$F$1:$G$4,2,FALSE),"Re-calculate", "OK")="OK",AW2,AW2+1) -> 1 | AY2: =IF(IF(M2-ROUND(POISSON(AX2,L2,TRUE),2)>VLOOKUP(D2,Parameters!$F$1:$G$4,2,FALSE),"Re-calculate", "OK")="OK",AX2,AX2+1) -> 1 | AZ2: =IF(IF(M2-ROUND(POISSON(AY2,L2,TRUE),2)>VLOOKUP(D2,Parameters!$F$1:$G$4,2,FALSE),"Re-calculate", "OK")="OK",AY2,AY2+1) -> 1 | BA2: =IF(IF(M2-ROUND(POISSON(AZ2,L2,TRUE),2)>VLOOKUP(D2,Parameters!$F$1:$G$4,2,FALSE),"Re-calculate", "OK")="OK",AZ2,AZ2+1) -> 1 | BB2: =IF(IF(M2-ROUND(POISSON(BA2,L2,TRUE),2)>VLOOKUP(D2,Parameters!$F$1:$G$4,2,FALSE),"Re-calculate", "OK")="OK",BA2,BA2+1) -> 1 | BC2: =IF(IF(M2-ROUND(POISSON(BB2,L2,TRUE),2)>VLOOKUP(D2,Parameters!$F$1:$G$4,2,FALSE),"Re-calculate", "OK")="OK",BB2,BB2+1) -> 1 | BD2: =IF(IF(M2-ROUND(POISSON(BC2,L2,TRUE),2)>VLOOKUP(D2,Parameters!$F$1:$G$4,2,FALSE),"Re-calculate", "OK")="OK",BC2,BC2+1) -> 1 | BE2: =IF(IF(M2-ROUND(POISSON(BD2,L2,TRUE),2)>VLOOKUP(D2,Parameters!$F$1:$G$4,2,FALSE),"Re-calculate", "OK")="OK",BD2,BD2+1) -> 1 | BF2: =POISSON(BE2,L2,TRUE) -> 0.971525 | BG2: =ROUND(M2-BF2, 2) -> -0.04 | BH2: =IF(BG2>VLOOKUP(D2,Parameters!$F$1:$G$4,2,FALSE),"Re-Calculate","OK") -> OK | BI2: =IF(D2=1,L2," ") | BJ2: =IF(D2=2,L2," ") -> 0.26 | BK2: =IF(D2=3,L2," ") | BM2: =IF(D2=1,L2*BF2," ") | BN2: =IF(D2=2,L2*BF2," ") -> 0.2525965 | BO2: =IF(D2=3,L2*BF2," ") | BQ2: =IF(D2=1,K2," ") | BR2: =IF(D2=2,K2," ") -> 2 | BS2: =IF(D2=3,K2," ") | BU2: =IF(D2=1,K2*BF2," ") | BV2: =IF(D2=2,K2*BF2," ") -> 1.94305 | BW2: =IF(D2=3,K2*BF2," ")
A3: AR4714-11 | B3: 4000 | C3: 2 | D3: 2 | E3: 1 | F3: 120000 | G3: 0 | H3: 5877.3333 | I3: 60 | J3: 48 | K3: =B3*' PROVISIONING Model'!I3*' PROVISIONING Model'!E3/(' PROVISIONING Model'!F3*POWER(10,' PROVISIONING Model'!G3)) -> 2 | L3: =ROUND(K3*J3/365,2) -> 0.26 | M3: =VLOOKUP(D3,Parameters!$B$9:$C$11,2,FALSE) -> 0.93 | N3: =VLOOKUP(D3,Parameters!$B$9:$D$11,3,FALSE) -> 0.1 | O3: =IF(K3>N3,"Yes","No") -> Yes | P3: =IF(O3="Yes",IF(M3-ROUND(VLOOKUP(L3,'Poisson Distribution Table'!$A$4:$AO$2934,2,FALSE),2)>VLOOKUP(D3,Parameters!$F$1:$G$4,2,FALSE),1,0),0) -> 1 | Q3: =IF(M3-ROUND(POISSON(IF(O3="Yes",IF(M3-ROUND(VLOOKUP(L3,'Poisson Distribution Table'!$A$4:$AO$2934,2,FALSE),2)>VLOOKUP(D3,Parameters!$F$1:$G$4,2,FALSE),1,0),0),L3,TRUE),2)>VLOOKUP(D3,Parameters!$F$1:$G$4,2,FALSE),P3+1,P3) -> 1 | R3: =IF(IF(M3-ROUND(POISSON(Q3,L3,TRUE),2)>VLOOKUP(D3,Parameters!$F$1:$G$4,2,FALSE),"Re-calculate", "OK")="OK",Q3,Q3+1) -> 1 | S3: =IF(IF(M3-ROUND(POISSON(IF(IF(M3-ROUND(POISSON(Q3,L3,TRUE),2)>VLOOKUP(D3,Parameters!$F$1:$G$4,2,FALSE),"Re-calculate", "OK")="OK",Q3,Q3+1),L3,TRUE),2)>VLOOKUP(D3,Parameters!$F$1:$G$4,2,FALSE),"Re-calculate", "OK")="OK",R3,R3+1) -> 1 | T3: =IF(IF(M3-ROUND(POISSON(S3,L3,TRUE),2)>VLOOKUP(D3,Parameters!$F$1:$G$4,2,FALSE),"Re-calculate", "OK")="OK",S3,S3+1) -> 1 | U3: =IF(IF(M3-ROUND(POISSON(IF(IF(M3-ROUND(POISSON(S3,L3,TRUE),2)>VLOOKUP(D3,Parameters!$F$1:$G$4,2,FALSE),"Re-calculate", "OK")="OK",S3,S3+1),L3,TRUE),2)>VLOOKUP(D3,Parameters!$F$1:$G$4,2,FALSE),"Re-calculate", "OK")="OK",T3,T3+1) -> 1 | V3: =IF(IF(M3-ROUND(POISSON(U3,L3,TRUE),2)>VLOOKUP(D3,Parameters!$F$1:$G$4,2,FALSE),"Re-calculate", "OK")="OK",U3,U3+1) -> 1 | W3: =IF(IF(M3-ROUND(POISSON(IF(IF(M3-ROUND(POISSON(U3,L3,TRUE),2)>VLOOKUP(D3,Parameters!$F$1:$G$4,2,FALSE),"Re-calculate", "OK")="OK",U3,U3+1),L3,TRUE),2)>VLOOKUP(D3,Parameters!$F$1:$G$4,2,FALSE),"Re-calculate", "OK")="OK",V3,V3+1) -> 1 | X3: =IF(IF(M3-ROUND(POISSON(W3,L3,TRUE),2)>VLOOKUP(D3,Parameters!$F$1:$G$4,2,FALSE),"Re-calculate", "OK")="OK",W3,W3+1) -> 1 | Y3: =IF(IF(M3-ROUND(POISSON(X3,L3,TRUE),2)>VLOOKUP(D3,Parameters!$F$1:$G$4,2,FALSE),"Re-calculate", "OK")="OK",X3,X3+1) -> 1 | Z3: =IF(IF(M3-ROUND(POISSON(Y3,L3,TRUE),2)>VLOOKUP(D3,Parameters!$F$1:$G$4,2,FALSE),"Re-calculate", "OK")="OK",Y3,Y3+1) -> 1 | AA3: =IF(IF(M3-ROUND(POISSON(Z3,L3,TRUE),2)>VLOOKUP(D3,Parameters!$F$1:$G$4,2,FALSE),"Re-calculate", "OK")="OK",Z3,Z3+1) -> 1 | AB3: =IF(IF(M3-ROUND(POISSON(AA3,L3,TRUE),2)>VLOOKUP(D3,Parameters!$F$1:$G$4,2,FALSE),"Re-calculate", "OK")="OK",AA3,AA3+1) -> 1 | AC3: =IF(IF(M3-ROUND(POISSON(AB3,L3,TRUE),2)>VLOOKUP(D3,Parameters!$F$1:$G$4,2,FALSE),"Re-calculate", "OK")="OK",AB3,AB3+1) -> 1 | AD3: =IF(IF(M3-ROUND(POISSON(AC3,L3,TRUE),2)>VLOOKUP(D3,Parameters!$F$1:$G$4,2,FALSE),"Re-calculate", "OK")="OK",AC3,AC3+1) -> 1 | AE3: =IF(IF(M3-ROUND(POISSON(AD3,L3,TRUE),2)>VLOOKUP(D3,Parameters!$F$1:$G$4,2,FALSE),"Re-calculate", "OK")="OK",AD3,AD3+1) -> 1 | AF3: =IF(IF(M3-ROUND(POISSON(AE3,L3,TRUE),2)>VLOOKUP(D3,Parameters!$F$1:$G$4,2,FALSE),"Re-calculate", "OK")="OK",AE3,AE3+1) -> 1 | AG3: =IF(IF(M3-ROUND(POISSON(AF3,L3,TRUE),2)>VLOOKUP(D3,Parameters!$F$1:$G$4,2,FALSE),"Re-calculate", "OK")="OK",AF3,AF3+1) -> 1 | AH3: =IF(IF(M3-ROUND(POISSON(AG3,L3,TRUE),2)>VLOOKUP(D3,Parameters!$F$1:$G$4,2,FALSE),"Re-calculate", "OK")="OK",AG3,AG3+1) -> 1 | AI3: =IF(IF(M3-ROUND(POISSON(AH3,L3,TRUE),2)>VLOOKUP(D3,Parameters!$F$1:$G$4,2,FALSE),"Re-calculate", "OK")="OK",AH3,AH3+1) -> 1 | AJ3: =IF(IF(M3-ROUND(POISSON(AI3,L3,TRUE),2)>VLOOKUP(D3,Parameters!$F$1:$G$4,2,FALSE),"Re-calculate", "OK")="OK",AI3,AI3+1) -> 1 | AK3: =IF(IF(M3-ROUND(POISSON(AJ3,L3,TRUE),2)>VLOOKUP(D3,Parameters!$F$1:$G$4,2,FALSE),"Re-calculate", "OK")="OK",AJ3,AJ3+1) -> 1 | AL3: =IF(IF(M3-ROUND(POISSON(AK3,L3,TRUE),2)>VLOOKUP(D3,Parameters!$F$1:$G$4,2,FALSE),"Re-calculate", "OK")="OK",AK3,AK3+1) -> 1 | AM3: =IF(IF(M3-ROUND(POISSON(AL3,L3,TRUE),2)>VLOOKUP(D3,Parameters!$F$1:$G$4,2,FALSE),"Re-calculate", "OK")="OK",AL3,AL3+1) -> 1 | AN3: =IF(IF(M3-ROUND(POISSON(AM3,L3,TRUE),2)>VLOOKUP(D3,Parameters!$F$1:$G$4,2,FALSE),"Re-calculate", "OK")="OK",AM3,AM3+1) -> 1 | AO3: =IF(IF(M3-ROUND(POISSON(AN3,L3,TRUE),2)>VLOOKUP(D3,Parameters!$F$1:$G$4,2,FALSE),"Re-calculate", "OK")="OK",AN3,AN3+1) -> 1 | AP3: =IF(IF(M3-ROUND(POISSON(AO3,L3,TRUE),2)>VLOOKUP(D3,Parameters!$F$1:$G$4,2,FALSE),"Re-calculate", "OK")="OK",AO3,AO3+1) -> 1 | AQ3: =IF(IF(M3-ROUND(POISSON(AP3,L3,TRUE),2)>VLOOKUP(D3,Parameters!$F$1:$G$4,2,FALSE),"Re-calculate", "OK")="OK",AP3,AP3+1) -> 1 | AR3: =IF(IF(M3-ROUND(POISSON(AQ3,L3,TRUE),2)>VLOOKUP(D3,Parameters!$F$1:$G$4,2,FALSE),"Re-calculate", "OK")="OK",AQ3,AQ3+1) -> 1 | AS3: =IF(IF(M3-ROUND(POISSON(AR3,L3,TRUE),2)>VLOOKUP(D3,Parameters!$F$1:$G$4,2,FALSE),"Re-calculate", "OK")="OK",AR3,AR3+1) -> 1 | AT3: =IF(IF(M3-ROUND(POISSON(AS3,L3,TRUE),2)>VLOOKUP(D3,Parameters!$F$1:$G$4,2,FALSE),"Re-calculate", "OK")="OK",AS3,AS3+1) -> 1 | AU3: =IF(IF(M3-ROUND(POISSON(AT3,L3,TRUE),2)>VLOOKUP(D3,Parameters!$F$1:$G$4,2,FALSE),"Re-calculate", "OK")="OK",AT3,AT3+1) -> 1 | AV3: =IF(IF(M3-ROUND(POISSON(AU3,L3,TRUE),2)>VLOOKUP(D3,Parameters!$F$1:$G$4,2,FALSE),"Re-calculate", "OK")="OK",AU3,AU3+1) -> 1 | AW3: =IF(IF(M3-ROUND(POISSON(AV3,L3,TRUE),2)>VLOOKUP(D3,Parameters!$F$1:$G$4,2,FALSE),"Re-calculate", "OK")="OK",AV3,AV3+1) -> 1 | AX3: =IF(IF(M3-ROUND(POISSON(AW3,L3,TRUE),2)>VLOOKUP(D3,Parameters!$F$1:$G$4,2,FALSE),"Re-calculate", "OK")="OK",AW3,AW3+1) -> 1 | AY3: =IF(IF(M3-ROUND(POISSON(AX3,L3,TRUE),2)>VLOOKUP(D3,Parameters!$F$1:$G$4,2,FALSE),"Re-calculate", "OK")="OK",AX3,AX3+1) -> 1 | AZ3: =IF(IF(M3-ROUND(POISSON(AY3,L3,TRUE),2)>VLOOKUP(D3,Parameters!$F$1:$G$4,2,FALSE),"Re-calculate", "OK")="OK",AY3,AY3+1) -> 1 | BA3: =IF(IF(M3-ROUND(POISSON(AZ3,L3,TRUE),2)>VLOOKUP(D3,Parameters!$F$1:$G$4,2,FALSE),"Re-calculate", "OK")="OK",AZ3,AZ3+1) -> 1 | BB3: =IF(IF(M3-ROUND(POISSON(BA3,L3,TRUE),2)>VLOOKUP(D3,Parameters!$F$1:$G$4,2,FALSE),"Re-calculate", "OK")="OK",BA3,BA3+1) -> 1 | BC3: =IF(IF(M3-ROUND(POISSON(BB3,L3,TRUE),2)>VLOOKUP(D3,Parameters!$F$1:$G$4,2,FALSE),"Re-calculate", "OK")="OK",BB3,BB3+1) -> 1 | BD3: =IF(IF(M3-ROUND(POISSON(BC3,L3,TRUE),2)>VLOOKUP(D3,Parameters!$F$1:$G$4,2,FALSE),"Re-calculate", "OK")="OK",BC3,BC3+1) -> 1 | BE3: =IF(IF(M3-ROUND(POISSON(BD3,L3,TRUE),2)>VLOOKUP(D3,Parameters!$F$1:$G$4,2,FALSE),"Re-calculate", "OK")="OK",BD3,BD3+1) -> 1 | BF3: =POISSON(BE3,L3,TRUE) -> 0.971525 | BG3: =ROUND(M3-BF3, 2) -> -0.04 | BH3: =IF(BG3>VLOOKUP(D3,Parameters!$F$1:$G$4,2,FALSE),"Re-Calculate","OK") -> OK | BI3: =IF(D3=1,L3," ") | BJ3: =IF(D3=2,L3," ") -> 0.26 | BK3: =IF(D3=3,L3," ") | BM3: =IF(D3=1,L3*BF3," ") | BN3: =IF(D3=2,L3*BF3," ") -> 0.2525965 | BO3: =IF(D3=3,L3*BF3," ") | BQ3: =IF(D3=1,K3," ") | BR3: =IF(D3=2,K3," ") -> 2 | BS3: =IF(D3=3,K3," ") | BU3: =IF(D3=1,K3*BF3," ") | BV3: =IF(D3=2,K3*BF3," ") -> 1.94305 | BW3: =IF(D3=3,K3*BF3," ")
A4: AR4714-7 | B4: 4000 | C4: 2 | D4: 2 | E4: 2 | F4: 120000 | G4: 0 | H4: 6100 | I4: 60 | J4: 39 | K4: =B4*' PROVISIONING Model'!I4*' PROVISIONING Model'!E4/(' PROVISIONING Model'!F4*POWER(10,' PROVISIONING Model'!G4)) -> 4 | L4: =ROUND(K4*J4/365,2) -> 0.43 | M4: =VLOOKUP(D4,Parameters!$B$9:$C$11,2,FALSE) -> 0.93 | N4: =VLOOKUP(D4,Parameters!$B$9:$D$11,3,FALSE) -> 0.1 | O4: =IF(K4>N4,"Yes","No") -> Yes | P4: =IF(O4="Yes",IF(M4-ROUND(VLOOKUP(L4,'Poisson Distribution Table'!$A$4:$AO$2934,2,FALSE),2)>VLOOKUP(D4,Parameters!$F$1:$G$4,2,FALSE),1,0),0) -> 1 | Q4: =IF(M4-ROUND(POISSON(IF(O4="Yes",IF(M4-ROUND(VLOOKUP(L4,'Poisson Distribution Table'!$A$4:$AO$2934,2,FALSE),2)>VLOOKUP(D4,Parameters!$F$1:$G$4,2,FALSE),1,0),0),L4,TRUE),2)>VLOOKUP(D4,Parameters!$F$1:$G$4,2,FALSE),P4+1,P4) -> 1 | R4: =IF(IF(M4-ROUND(POISSON(Q4,L4,TRUE),2)>VLOOKUP(D4,Parameters!$F$1:$G$4,2,FALSE),"Re-calculate", "OK")="OK",Q4,Q4+1) -> 1 | S4: =IF(IF(M4-ROUND(POISSON(IF(IF(M4-ROUND(POISSON(Q4,L4,TRUE),2)>VLOOKUP(D4,Parameters!$F$1:$G$4,2,FALSE),"Re-calculate", "OK")="OK",Q4,Q4+1),L4,TRUE),2)>VLOOKUP(D4,Parameters!$F$1:$G$4,2,FALSE),"Re-calculate", "OK")="OK",R4,R4+1) -> 1 | T4: =IF(IF(M4-ROUND(POISSON(S4,L4,TRUE),2)>VLOOKUP(D4,Parameters!$F$1:$G$4,2,FALSE),"Re-calculate", "OK")="OK",S4,S4+1) -> 1 | U4: =IF(IF(M4-ROUND(POISSON(IF(IF(M4-ROUND(POISSON(S4,L4,TRUE),2)>VLOOKUP(D4,Parameters!$F$1:$G$4,2,FALSE),"Re-calculate", "OK")="OK",S4,S4+1),L4,TRUE),2)>VLOOKUP(D4,Parameters!$F$1:$G$4,2,FALSE),"Re-calculate", "OK")="OK",T4,T4+1) -> 1 | V4: =IF(IF(M4-ROUND(POISSON(U4,L4,TRUE),2)>VLOOKUP(D4,Parameters!$F$1:$G$4,2,FALSE),"Re-calculate", "OK")="OK",U4,U4+1) -> 1 | W4: =IF(IF(M4-ROUND(POISSON(IF(IF(M4-ROUND(POISSON(U4,L4,TRUE),2)>VLOOKUP(D4,Parameters!$F$1:$G$4,2,FALSE),"Re-calculate", "OK")="OK",U4,U4+1),L4,TRUE),2)>VLOOKUP(D4,Parameters!$F$1:$G$4,2,FALSE),"Re-calculate", "OK")="OK",V4,V4+1) -> 1 | X4: =IF(IF(M4-ROUND(POISSON(W4,L4,TRUE),2)>VLOOKUP(D4,Parameters!$F$1:$G$4,2,FALSE),"Re-calculate", "OK")="OK",W4,W4+1) -> 1 | Y4: =IF(IF(M4-ROUND(POISSON(X4,L4,TRUE),2)>VLOOKUP(D4,Parameters!$F$1:$G$4,2,FALSE),"Re-calculate", "OK")="OK",X4,X4+1) -> 1 | Z4: =IF(IF(M4-ROUND(POISSON(Y4,L4,TRUE),2)>VLOOKUP(D4,Parameters!$F$1:$G$4,2,FALSE),"Re-calculate", "OK")="OK",Y4,Y4+1) -> 1 | AA4: =IF(IF(M4-ROUND(POISSON(Z4,L4,TRUE),2)>VLOOKUP(D4,Parameters!$F$1:$G$4,2,FALSE),"Re-calculate", "OK")="OK",Z4,Z4+1) -> 1 | AB4: =IF(IF(M4-ROUND(POISSON(AA4,L4,TRUE),2)>VLOOKUP(D4,Parameters!$F$1:$G$4,2,FALSE),"Re-calculate", "OK")="OK",AA4,AA4+1) -> 1 | AC4: =IF(IF(M4-ROUND(POISSON(AB4,L4,TRUE),2)>VLOOKUP(D4,Parameters!$F$1:$G$4,2,FALSE),"Re-calculate", "OK")="OK",AB4,AB4+1) -> 1 | AD4: =IF(IF(M4-ROUND(POISSON(AC4,L4,TRUE),2)>VLOOKUP(D4,Parameters!$F$1:$G$4,2,FALSE),"Re-calculate", "OK")="OK",AC4,AC4+1) -> 1 | AE4: =IF(IF(M4-ROUND(POISSON(AD4,L4,TRUE),2)>VLOOKUP(D4,Parameters!$F$1:$G$4,2,FALSE),"Re-calculate", "OK")="OK",AD4,AD4+1) -> 1 | AF4: =IF(IF(M4-ROUND(POISSON(AE4,L4,TRUE),2)>VLOOKUP(D4,Parameters!$F$1:$G$4,2,FALSE),"Re-calculate", "OK")="OK",AE4,AE4+1) -> 1 | AG4: =IF(IF(M4-ROUND(POISSON(AF4,L4,TRUE),2)>VLOOKUP(D4,Parameters!$F$1:$G$4,2,FALSE),"Re-calculate", "OK")="OK",AF4,AF4+1) -> 1 | AH4: =IF(IF(M4-ROUND(POISSON(AG4,L4,TRUE),2)>VLOOKUP(D4,Parameters!$F$1:$G$4,2,FALSE),"Re-calculate", "OK")="OK",AG4,AG4+1) -> 1 | AI4: =IF(IF(M4-ROUND(POISSON(AH4,L4,TRUE),2)>VLOOKUP(D4,Parameters!$F$1:$G$4,2,FALSE),"Re-calculate", "OK")="OK",AH4,AH4+1) -> 1 | AJ4: =IF(IF(M4-ROUND(POISSON(AI4,L4,TRUE),2)>VLOOKUP(D4,Parameters!$F$1:$G$4,2,FALSE),"Re-calculate", "OK")="OK",AI4,AI4+1) -> 1 | AK4: =IF(IF(M4-ROUND(POISSON(AJ4,L4,TRUE),2)>VLOOKUP(D4,Parameters!$F$1:$G$4,2,FALSE),"Re-calculate", "OK")="OK",AJ4,AJ4+1) -> 1 | AL4: =IF(IF(M4-ROUND(POISSON(AK4,L4,TRUE),2)>VLOOKUP(D4,Parameters!$F$1:$G$4,2,FALSE),"Re-calculate", "OK")="OK",AK4,AK4+1) -> 1 | AM4: =IF(IF(M4-ROUND(POISSON(AL4,L4,TRUE),2)>VLOOKUP(D4,Parameters!$F$1:$G$4,2,FALSE),"Re-calculate", "OK")="OK",AL4,AL4+1) -> 1 | AN4: =IF(IF(M4-ROUND(POISSON(AM4,L4,TRUE),2)>VLOOKUP(D4,Parameters!$F$1:$G$4,2,FALSE),"Re-calculate", "OK")="OK",AM4,AM4+1) -> 1 | AO4: =IF(IF(M4-ROUND(POISSON(AN4,L4,TRUE),2)>VLOOKUP(D4,Parameters!$F$1:$G$4,2,FALSE),"Re-calculate", "OK")="OK",AN4,AN4+1) -> 1 | AP4: =IF(IF(M4-ROUND(POISSON(AO4,L4,TRUE),2)>VLOOKUP(D4,Parameters!$F$1:$G$4,2,FALSE),"Re-calculate", "OK")="OK",AO4,AO4+1) -> 1 | AQ4: =IF(IF(M4-ROUND(POISSON(AP4,L4,TRUE),2)>VLOOKUP(D4,Parameters!$F$1:$G$4,2,FALSE),"Re-calculate", "OK")="OK",AP4,AP4+1) -> 1 | AR4: =IF(IF(M4-ROUND(POISSON(AQ4,L4,TRUE),2)>VLOOKUP(D4,Parameters!$F$1:$G$4,2,FALSE),"Re-calculate", "OK")="OK",AQ4,AQ4+1) -> 1 | AS4: =IF(IF(M4-ROUND(POISSON(AR4,L4,TRUE),2)>VLOOKUP(D4,Parameters!$F$1:$G$4,2,FALSE),"Re-calculate", "OK")="OK",AR4,AR4+1) -> 1 | AT4: =IF(IF(M4-ROUND(POISSON(AS4,L4,TRUE),2)>VLOOKUP(D4,Parameters!$F$1:$G$4,2,FALSE),"Re-calculate", "OK")="OK",AS4,AS4+1) -> 1 | AU4: =IF(IF(M4-ROUND(POISSON(AT4,L4,TRUE),2)>VLOOKUP(D4,Parameters!$F$1:$G$4,2,FALSE),"Re-calculate", "OK")="OK",AT4,AT4+1) -> 1 | AV4: =IF(IF(M4-ROUND(POISSON(AU4,L4,TRUE),2)>VLOOKUP(D4,Parameters!$F$1:$G$4,2,FALSE),"Re-calculate", "OK")="OK",AU4,AU4+1) -> 1 | AW4: =IF(IF(M4-ROUND(POISSON(AV4,L4,TRUE),2)>VLOOKUP(D4,Parameters!$F$1:$G$4,2,FALSE),"Re-calculate", "OK")="OK",AV4,AV4+1) -> 1 | AX4: =IF(IF(M4-ROUND(POISSON(AW4,L4,TRUE),2)>VLOOKUP(D4,Parameters!$F$1:$G$4,2,FALSE),"Re-calculate", "OK")="OK",AW4,AW4+1) -> 1 | AY4: =IF(IF(M4-ROUND(POISSON(AX4,L4,TRUE),2)>VLOOKUP(D4,Parameters!$F$1:$G$4,2,FALSE),"Re-calculate", "OK")="OK",AX4,AX4+1) -> 1 | AZ4: =IF(IF(M4-ROUND(POISSON(AY4,L4,TRUE),2)>VLOOKUP(D4,Parameters!$F$1:$G$4,2,FALSE),"Re-calculate", "OK")="OK",AY4,AY4+1) -> 1 | BA4: =IF(IF(M4-ROUND(POISSON(AZ4,L4,TRUE),2)>VLOOKUP(D4,Parameters!$F$1:$G$4,2,FALSE),"Re-calculate", "OK")="OK",AZ4,AZ4+1) -> 1 | BB4: =IF(IF(M4-ROUND(POISSON(BA4,L4,TRUE),2)>VLOOKUP(D4,Parameters!$F$1:$G$4,2,FALSE),"Re-calculate", "OK")="OK",BA4,BA4+1) -> 1 | BC4: =IF(IF(M4-ROUND(POISSON(BB4,L4,TRUE),2)>VLOOKUP(D4,Parameters!$F$1:$G$4,2,FALSE),"Re-calculate", "OK")="OK",BB4,BB4+1) -> 1 | BD4: =IF(IF(M4-ROUND(POISSON(BC4,L4,TRUE),2)>VLOOKUP(D4,Parameters!$F$1:$G$4,2,FALSE),"Re-calculate", "OK")="OK",BC4,BC4+1) -> 1 | BE4: =IF(IF(M4-ROUND(POISSON(BD4,L4,TRUE),2)>VLOOKUP(D4,Parameters!$F$1:$G$4,2,FALSE),"Re-calculate", "OK")="OK",BD4,BD4+1) -> 1 | BF4: =POISSON(BE4,L4,TRUE) -> 0.93022801 | BG4: =ROUND(M4-BF4, 2) -> 0 | BH4: =IF(BG4>VLOOKUP(D4,Parameters!$F$1:$G$4,2,FALSE),"Re-Calculate","OK") -> OK | BI4: =IF(D4=1,L4," ") | BJ4: =IF(D4=2,L4," ") -> 0.43 | BK4: =IF(D4=3,L4," ") | BM4: =IF(D4=1,L4*BF4," ") | BN4: =IF(D4=2,L4*BF4," ") -> 0.39999804 | BO4: =IF(D4=3,L4*BF4," ") | BQ4: =IF(D4=1,K4," ") | BR4: =IF(D4=2,K4," ") -> 4 | BS4: =IF(D4=3,K4," ") | BU4: =IF(D4=1,K4*BF4," ") | BV4: =IF(D4=2,K4*BF4," ") -> 3.720912 | BW4: =IF(D4=3,K4*BF4," ")
A5: AR90122-5D605 | B5: 4000 | C5: 2 | D5: 3 | E5: 4 | F5: 75600 | G5: 0 | H5: 117680 | I5: 60 | J5: 48 | K5: =B5*' PROVISIONING Model'!I5*' PROVISIONING Model'!E5/(' PROVISIONING Model'!F5*POWER(10,' PROVISIONING Model'!G5)) -> 12.698413 | L5: =ROUND(K5*J5/365,2) -> 1.67 | M5: =VLOOKUP(D5,Parameters!$B$9:$C$11,2,FALSE) -> 0.91 | N5: =VLOOKUP(D5,Parameters!$B$9:$D$11,3,FALSE) -> 0.1 | O5: =IF(K5>N5,"Yes","No") -> Yes | P5: =IF(O5="Yes",IF(M5-ROUND(VLOOKUP(L5,'Poisson Distribution Table'!$A$4:$AO$2934,2,FALSE),2)>VLOOKUP(D5,Parameters!$F$1:$G$4,2,FALSE),1,0),0) -> 1 | Q5: =IF(M5-ROUND(POISSON(IF(O5="Yes",IF(M5-ROUND(VLOOKUP(L5,'Poisson Distribution Table'!$A$4:$AO$2934,2,FALSE),2)>VLOOKUP(D5,Parameters!$F$1:$G$4,2,FALSE),1,0),0),L5,TRUE),2)>VLOOKUP(D5,Parameters!$F$1:$G$4,2,FALSE),P5+1,P5) -> 2 | R5: =IF(IF(M5-ROUND(POISSON(Q5,L5,TRUE),2)>VLOOKUP(D5,Parameters!$F$1:$G$4,2,FALSE),"Re-calculate", "OK")="OK",Q5,Q5+1) -> 3 | S5: =IF(IF(M5-ROUND(POISSON(IF(IF(M5-ROUND(POISSON(Q5,L5,TRUE),2)>VLOOKUP(D5,Parameters!$F$1:$G$4,2,FALSE),"Re-calculate", "OK")="OK",Q5,Q5+1),L5,TRUE),2)>VLOOKUP(D5,Parameters!$F$1:$G$4,2,FALSE),"Re-calculate", "OK")="OK",R5,R5+1) -> 3 | T5: =IF(IF(M5-ROUND(POISSON(S5,L5,TRUE),2)>VLOOKUP(D5,Parameters!$F$1:$G$4,2,FALSE),"Re-calculate", "OK")="OK",S5,S5+1) -> 3 | U5: =IF(IF(M5-ROUND(POISSON(IF(IF(M5-ROUND(POISSON(S5,L5,TRUE),2)>VLOOKUP(D5,Parameters!$F$1:$G$4,2,FALSE),"Re-calculate", "OK")="OK",S5,S5+1),L5,TRUE),2)>VLOOKUP(D5,Parameters!$F$1:$G$4,2,FALSE),"Re-calculate", "OK")="OK",T5,T5+1) -> 3 | V5: =IF(IF(M5-ROUND(POISSON(U5,L5,TRUE),2)>VLOOKUP(D5,Parameters!$F$1:$G$4,2,FALSE),"Re-calculate", "OK")="OK",U5,U5+1) -> 3 | W5: =IF(IF(M5-ROUND(POISSON(IF(IF(M5-ROUND(POISSON(U5,L5,TRUE),2)>VLOOKUP(D5,Parameters!$F$1:$G$4,2,FALSE),"Re-calculate", "OK")="OK",U5,U5+1),L5,TRUE),2)>VLOOKUP(D5,Parameters!$F$1:$G$4,2,FALSE),"Re-calculate", "OK")="OK",V5,V5+1) -> 3 | X5: =IF(IF(M5-ROUND(POISSON(W5,L5,TRUE),2)>VLOOKUP(D5,Parameters!$F$1:$G$4,2,FALSE),"Re-calculate", "OK")="OK",W5,W5+1) -> 3 | Y5: =IF(IF(M5-ROUND(POISSON(X5,L5,TRUE),2)>VLOOKUP(D5,Parameters!$F$1:$G$4,2,FALSE),"Re-calculate", "OK")="OK",X5,X5+1) -> 3 | Z5: =IF(IF(M5-ROUND(POISSON(Y5,L5,TRUE),2)>VLOOKUP(D5,Parameters!$F$1:$G$4,2,FALSE),"Re-calculate", "OK")="OK",Y5,Y5+1) -> 3 | AA5: =IF(IF(M5-ROUND(POISSON(Z5,L5,TRUE),2)>VLOOKUP(D5,Parameters!$F$1:$G$4,2,FALSE),"Re-calculate", "OK")="OK",Z5,Z5+1) -> 3 | AB5: =IF(IF(M5-ROUND(POISSON(AA5,L5,TRUE),2)>VLOOKUP(D5,Parameters!$F$1:$G$4,2,FALSE),"Re-calculate", "OK")="OK",AA5,AA5+1) -> 3 | AC5: =IF(IF(M5-ROUND(POISSON(AB5,L5,TRUE),2)>VLOOKUP(D5,Parameters!$F$1:$G$4,2,FALSE),"Re-calculate", "OK")="OK",AB5,AB5+1) -> 3 | AD5: =IF(IF(M5-ROUND(POISSON(AC5,L5,TRUE),2)>VLOOKUP(D5,Parameters!$F$1:$G$4,2,FALSE),"Re-calculate", "OK")="OK",AC5,AC5+1) -> 3 | AE5: =IF(IF(M5-ROUND(POISSON(AD5,L5,TRUE),2)>VLOOKUP(D5,Parameters!$F$1:$G$4,2,FALSE),"Re-calculate", "OK")="OK",AD5,AD5+1) -> 3 | AF5: =IF(IF(M5-ROUND(POISSON(AE5,L5,TRUE),2)>VLOOKUP(D5,Parameters!$F$1:$G$4,2,FALSE),"Re-calculate", "OK")="OK",AE5,AE5+1) -> 3 | AG5: =IF(IF(M5-ROUND(POISSON(AF5,L5,TRUE),2)>VLOOKUP(D5,Parameters!$F$1:$G$4,2,FALSE),"Re-calculate", "OK")="OK",AF5,AF5+1) -> 3 | AH5: =IF(IF(M5-ROUND(POISSON(AG5,L5,TRUE),2)>VLOOKUP(D5,Parameters!$F$1:$G$4,2,FALSE),"Re-calculate", "OK")="OK",AG5,AG5+1) -> 3 | AI5: =IF(IF(M5-ROUND(POISSON(AH5,L5,TRUE),2)>VLOOKUP(D5,Parameters!$F$1:$G$4,2,FALSE),"Re-calculate", "OK")="OK",AH5,AH5+1) -> 3 | AJ5: =IF(IF(M5-ROUND(POISSON(AI5,L5,TRUE),2)>VLOOKUP(D5,Parameters!$F$1:$G$4,2,FALSE),"Re-calculate", "OK")="OK",AI5,AI5+1) -> 3 | AK5: =IF(IF(M5-ROUND(POISSON(AJ5,L5,TRUE),2)>VLOOKUP(D5,Parameters!$F$1:$G$4,2,FALSE),"Re-calculate", "OK")="OK",AJ5,AJ5+1) -> 3 | AL5: =IF(IF(M5-ROUND(POISSON(AK5,L5,TRUE),2)>VLOOKUP(D5,Parameters!$F$1:$G$4,2,FALSE),"Re-calculate", "OK")="OK",AK5,AK5+1) -> 3 | AM5: =IF(IF(M5-ROUND(POISSON(AL5,L5,TRUE),2)>VLOOKUP(D5,Parameters!$F$1:$G$4,2,FALSE),"Re-calculate", "OK")="OK",AL5,AL5+1) -> 3 | AN5: =IF(IF(M5-ROUND(POISSON(AM5,L5,TRUE),2)>VLOOKUP(D5,Parameters!$F$1:$G$4,2,FALSE),"Re-calculate", "OK")="OK",AM5,AM5+1) -> 3 | AO5: =IF(IF(M5-ROUND(POISSON(AN5,L5,TRUE),2)>VLOOKUP(D5,Parameters!$F$1:$G$4,2,FALSE),"Re-calculate", "OK")="OK",AN5,AN5+1) -> 3 | AP5: =IF(IF(M5-ROUND(POISSON(AO5,L5,TRUE),2)>VLOOKUP(D5,Parameters!$F$1:$G$4,2,FALSE),"Re-calculate", "OK")="OK",AO5,AO5+1) -> 3 | AQ5: =IF(IF(M5-ROUND(POISSON(AP5,L5,TRUE),2)>VLOOKUP(D5,Parameters!$F$1:$G$4,2,FALSE),"Re-calculate", "OK")="OK",AP5,AP5+1) -> 3 | AR5: =IF(IF(M5-ROUND(POISSON(AQ5,L5,TRUE),2)>VLOOKUP(D5,Parameters!$F$1:$G$4,2,FALSE),"Re-calculate", "OK")="OK",AQ5,AQ5+1) -> 3 | AS5: =IF(IF(M5-ROUND(POISSON(AR5,L5,TRUE),2)>VLOOKUP(D5,Parameters!$F$1:$G$4,2,FALSE),"Re-calculate", "OK")="OK",AR5,AR5+1) -> 3 | AT5: =IF(IF(M5-ROUND(POISSON(AS5,L5,TRUE),2)>VLOOKUP(D5,Parameters!$F$1:$G$4,2,FALSE),"Re-calculate", "OK")="OK",AS5,AS5+1) -> 3 | AU5: =IF(IF(M5-ROUND(POISSON(AT5,L5,TRUE),2)>VLOOKUP(D5,Parameters!$F$1:$G$4,2,FALSE),"Re-calculate", "OK")="OK",AT5,AT5+1) -> 3 | AV5: =IF(IF(M5-ROUND(POISSON(AU5,L5,TRUE),2)>VLOOKUP(D5,Parameters!$F$1:$G$4,2,FALSE),"Re-calculate", "OK")="OK",AU5,AU5+1) -> 3 | AW5: =IF(IF(M5-ROUND(POISSON(AV5,L5,TRUE),2)>VLOOKUP(D5,Parameters!$F$1:$G$4,2,FALSE),"Re-calculate", "OK")="OK",AV5,AV5+1) -> 3 | AX5: =IF(IF(M5-ROUND(POISSON(AW5,L5,TRUE),2)>VLOOKUP(D5,Parameters!$F$1:$G$4,2,FALSE),"Re-calculate", "OK")="OK",AW5,AW5+1) -> 3 | AY5: =IF(IF(M5-ROUND(POISSON(AX5,L5,TRUE),2)>VLOOKUP(D5,Parameters!$F$1:$G$4,2,FALSE),"Re-calculate", "OK")="OK",AX5,AX5+1) -> 3 | AZ5: =IF(IF(M5-ROUND(POISSON(AY5,L5,TRUE),2)>VLOOKUP(D5,Parameters!$F$1:$G$4,2,FALSE),"Re-calculate", "OK")="OK",AY5,AY5+1) -> 3 | BA5: =IF(IF(M5-ROUND(POISSON(AZ5,L5,TRUE),2)>VLOOKUP(D5,Parameters!$F$1:$G$4,2,FALSE),"Re-calculate", "OK")="OK",AZ5,AZ5+1) -> 3 | BB5: =IF(IF(M5-ROUND(POISSON(BA5,L5,TRUE),2)>VLOOKUP(D5,Parameters!$F$1:$G$4,2,FALSE),"Re-calculate", "OK")="OK",BA5,BA5+1) -> 3 | BC5: =IF(IF(M5-ROUND(POISSON(BB5,L5,TRUE),2)>VLOOKUP(D5,Parameters!$F$1:$G$4,2,FALSE),"Re-calculate", "OK")="OK",BB5,BB5+1) -> 3 | BD5: =IF(IF(M5-ROUND(POISSON(BC5,L5,TRUE),2)>VLOOKUP(D5,Parameters!$F$1:$G$4,2,FALSE),"Re-calculate", "OK")="OK",BC5,BC5+1) -> 3 | BE5: =IF(IF(M5-ROUND(POISSON(BD5,L5,TRUE),2)>VLOOKUP(D5,Parameters!$F$1:$G$4,2,FALSE),"Re-calculate", "OK")="OK",BD5,BD5+1) -> 3 | BF5: =POISSON(BE5,L5,TRUE) -> 0.91124641 | BG5: =ROUND(M5-BF5, 2) -> 0 | BH5: =IF(BG5>VLOOKUP(D5,Parameters!$F$1:$G$4,2,FALSE),"Re-Calculate","OK") -> OK | BI5: =IF(D5=1,L5," ") | BJ5: =IF(D5=2,L5," ") | BK5: =IF(D5=3,L5," ") -> 1.67 | BM5: =IF(D5=1,L5*BF5," ") | BN5: =IF(D5=2,L5*BF5," ") | BO5: =IF(D5=3,L5*BF5," ") -> 1.5217815 | BQ5: =IF(D5=1,K5," ") | BR5: =IF(D5=2,K5," ") | BS5: =IF(D5=3,K5," ") -> 12.698413 | BU5: =IF(D5=1,K5*BF5," ") | BV5: =IF(D5=2,K5*BF5," ") | BW5: =IF(D5=3,K5*BF5," ") -> 11.571383
A6: Z014H010035C | B6: 4000 | C6: 2 | D6: 2 | E6: 2 | F6: 7500 | G6: 0 | H6: 140502.45 | I6: 60 | J6: 48 | K6: =B6*' PROVISIONING Model'!I6*' PROVISIONING Model'!E6/(' PROVISIONING Model'!F6*POWER(10,' PROVISIONING Model'!G6)) -> 64 | L6: =ROUND(K6*J6/365,2) -> 8.42 | M6: =VLOOKUP(D6,Parameters!$B$9:$C$11,2,FALSE) -> 0.93 | N6: =VLOOKUP(D6,Parameters!$B$9:$D$11,3,FALSE) -> 0.1 | O6: =IF(K6>N6,"Yes","No") -> Yes | P6: =IF(O6="Yes",IF(M6-ROUND(VLOOKUP(L6,'Poisson Distribution Table'!$A$4:$AO$2934,2,FALSE),2)>VLOOKUP(D6,Parameters!$F$1:$G$4,2,FALSE),1,0),0) -> 1 | Q6: =IF(M6-ROUND(POISSON(IF(O6="Yes",IF(M6-ROUND(VLOOKUP(L6,'Poisson Distribution Table'!$A$4:$AO$2934,2,FALSE),2)>VLOOKUP(D6,Parameters!$F$1:$G$4,2,FALSE),1,0),0),L6,TRUE),2)>VLOOKUP(D6,Parameters!$F$1:$G$4,2,FALSE),P6+1,P6) -> 2 | R6: =IF(IF(M6-ROUND(POISSON(Q6,L6,TRUE),2)>VLOOKUP(D6,Parameters!$F$1:$G$4,2,FALSE),"Re-calculate", "OK")="OK",Q6,Q6+1) -> 3 | S6: =IF(IF(M6-ROUND(POISSON(IF(IF(M6-ROUND(POISSON(Q6,L6,TRUE),2)>VLOOKUP(D6,Parameters!$F$1:$G$4,2,FALSE),"Re-calculate", "OK")="OK",Q6,Q6+1),L6,TRUE),2)>VLOOKUP(D6,Parameters!$F$1:$G$4,2,FALSE),"Re-calculate", "OK")="OK",R6,R6+1) -> 4 | T6: =IF(IF(M6-ROUND(POISSON(S6,L6,TRUE),2)>VLOOKUP(D6,Parameters!$F$1:$G$4,2,FALSE),"Re-calculate", "OK")="OK",S6,S6+1) -> 5 | U6: =IF(IF(M6-ROUND(POISSON(IF(IF(M6-ROUND(POISSON(S6,L6,TRUE),2)>VLOOKUP(D6,Parameters!$F$1:$G$4,2,FALSE),"Re-calculate", "OK")="OK",S6,S6+1),L6,TRUE),2)>VLOOKUP(D6,Parameters!$F$1:$G$4,2,FALSE),"Re-calculate", "OK")="OK",T6,T6+1) -> 6 | V6: =IF(IF(M6-ROUND(POISSON(U6,L6,TRUE),2)>VLOOKUP(D6,Parameters!$F$1:$G$4,2,FALSE),"Re-calculate", "OK")="OK",U6,U6+1) -> 7 | W6: =IF(IF(M6-ROUND(POISSON(IF(IF(M6-ROUND(POISSON(U6,L6,TRUE),2)>VLOOKUP(D6,Parameters!$F$1:$G$4,2,FALSE),"Re-calculate", "OK")="OK",U6,U6+1),L6,TRUE),2)>VLOOKUP(D6,Parameters!$F$1:$G$4,2,FALSE),"Re-calculate", "OK")="OK",V6,V6+1) -> 8 | X6: =IF(IF(M6-ROUND(POISSON(W6,L6,TRUE),2)>VLOOKUP(D6,Parameters!$F$1:$G$4,2,FALSE),"Re-calculate", "OK")="OK",W6,W6+1) -> 9 | Y6: =IF(IF(M6-ROUND(POISSON(X6,L6,TRUE),2)>VLOOKUP(D6,Parameters!$F$1:$G$4,2,FALSE),"Re-calculate", "OK")="OK",X6,X6+1) -> 10 | Z6: =IF(IF(M6-ROUND(POISSON(Y6,L6,TRUE),2)>VLOOKUP(D6,Parameters!$F$1:$G$4,2,FALSE),"Re-calculate", "OK")="OK",Y6,Y6+1) -> 11 | AA6: =IF(IF(M6-ROUND(POISSON(Z6,L6,TRUE),2)>VLOOKUP(D6,Parameters!$F$1:$G$4,2,FALSE),"Re-calculate", "OK")="OK",Z6,Z6+1) -> 12 | AB6: =IF(IF(M6-ROUND(POISSON(AA6,L6,TRUE),2)>VLOOKUP(D6,Parameters!$F$1:$G$4,2,FALSE),"Re-calculate", "OK")="OK",AA6,AA6+1) -> 13 | AC6: =IF(IF(M6-ROUND(POISSON(AB6,L6,TRUE),2)>VLOOKUP(D6,Parameters!$F$1:$G$4,2,FALSE),"Re-calculate", "OK")="OK",AB6,AB6+1) -> 13 | AD6: =IF(IF(M6-ROUND(POISSON(AC6,L6,TRUE),2)>VLOOKUP(D6,Parameters!$F$1:$G$4,2,FALSE),"Re-calculate", "OK")="OK",AC6,AC6+1) -> 13 | AE6: =IF(IF(M6-ROUND(POISSON(AD6,L6,TRUE),2)>VLOOKUP(D6,Parameters!$F$1:$G$4,2,FALSE),"Re-calculate", "OK")="OK",AD6,AD6+1) -> 13 | AF6: =IF(IF(M6-ROUND(POISSON(AE6,L6,TRUE),2)>VLOOKUP(D6,Parameters!$F$1:$G$4,2,FALSE),"Re-calculate", "OK")="OK",AE6,AE6+1) -> 13 | AG6: =IF(IF(M6-ROUND(POISSON(AF6,L6,TRUE),2)>VLOOKUP(D6,Parameters!$F$1:$G$4,2,FALSE),"Re-calculate", "OK")="OK",AF6,AF6+1) -> 13 | AH6: =IF(IF(M6-ROUND(POISSON(AG6,L6,TRUE),2)>VLOOKUP(D6,Parameters!$F$1:$G$4,2,FALSE),"Re-calculate", "OK")="OK",AG6,AG6+1) -> 13 | AI6: =IF(IF(M6-ROUND(POISSON(AH6,L6,TRUE),2)>VLOOKUP(D6,Parameters!$F$1:$G$4,2,FALSE),"Re-calculate", "OK")="OK",AH6,AH6+1) -> 13 | AJ6: =IF(IF(M6-ROUND(POISSON(AI6,L6,TRUE),2)>VLOOKUP(D6,Parameters!$F$1:$G$4,2,FALSE),"Re-calculate", "OK")="OK",AI6,AI6+1) -> 13 | AK6: =IF(IF(M6-ROUND(POISSON(AJ6,L6,TRUE),2)>VLOOKUP(D6,Parameters!$F$1:$G$4,2,FALSE),"Re-calculate", "OK")="OK",AJ6,AJ6+1) -> 13 | AL6: =IF(IF(M6-ROUND(POISSON(AK6,L6,TRUE),2)>VLOOKUP(D6,Parameters!$F$1:$G$4,2,FALSE),"Re-calculate", "OK")="OK",AK6,AK6+1) -> 13 | AM6: =IF(IF(M6-ROUND(POISSON(AL6,L6,TRUE),2)>VLOOKUP(D6,Parameters!$F$1:$G$4,2,FALSE),"Re-calculate", "OK")="OK",AL6,AL6+1) -> 13 | AN6: =IF(IF(M6-ROUND(POISSON(AM6,L6,TRUE),2)>VLOOKUP(D6,Parameters!$F$1:$G$4,2,FALSE),"Re-calculate", "OK")="OK",AM6,AM6+1) -> 13 | AO6: =IF(IF(M6-ROUND(POISSON(AN6,L6,TRUE),2)>VLOOKUP(D6,Parameters!$F$1:$G$4,2,FALSE),"Re-calculate", "OK")="OK",AN6,AN6+1) -> 13 | AP6: =IF(IF(M6-ROUND(POISSON(AO6,L6,TRUE),2)>VLOOKUP(D6,Parameters!$F$1:$G$4,2,FALSE),"Re-calculate", "OK")="OK",AO6,AO6+1) -> 13 | AQ6: =IF(IF(M6-ROUND(POISSON(AP6,L6,TRUE),2)>VLOOKUP(D6,Parameters!$F$1:$G$4,2,FALSE),"Re-calculate", "OK")="OK",AP6,AP6+1) -> 13 | AR6: =IF(IF(M6-ROUND(POISSON(AQ6,L6,TRUE),2)>VLOOKUP(D6,Parameters!$F$1:$G$4,2,FALSE),"Re-calculate", "OK")="OK",AQ6,AQ6+1) -> 13 | AS6: =IF(IF(M6-ROUND(POISSON(AR6,L6,TRUE),2)>VLOOKUP(D6,Parameters!$F$1:$G$4,2,FALSE),"Re-calculate", "OK")="OK",AR6,AR6+1) -> 13 | AT6: =IF(IF(M6-ROUND(POISSON(AS6,L6,TRUE),2)>VLOOKUP(D6,Parameters!$F$1:$G$4,2,FALSE),"Re-calculate", "OK")="OK",AS6,AS6+1) -> 13 | AU6: =IF(IF(M6-ROUND(POISSON(AT6,L6,TRUE),2)>VLOOKUP(D6,Parameters!$F$1:$G$4,2,FALSE),"Re-calculate", "OK")="OK",AT6,AT6+1) -> 13 | AV6: =IF(IF(M6-ROUND(POISSON(AU6,L6,TRUE),2)>VLOOKUP(D6,Parameters!$F$1:$G$4,2,FALSE),"Re-calculate", "OK")="OK",AU6,AU6+1) -> 13 | AW6: =IF(IF(M6-ROUND(POISSON(AV6,L6,TRUE),2)>VLOOKUP(D6,Parameters!$F$1:$G$4,2,FALSE),"Re-calculate", "OK")="OK",AV6,AV6+1) -> 13 | AX6: =IF(IF(M6-ROUND(POISSON(AW6,L6,TRUE),2)>VLOOKUP(D6,Parameters!$F$1:$G$4,2,FALSE),"Re-calculate", "OK")="OK",AW6,AW6+1) -> 13 | AY6: =IF(IF(M6-ROUND(POISSON(AX6,L6,TRUE),2)>VLOOKUP(D6,Parameters!$F$1:$G$4,2,FALSE),"Re-calculate", "OK")="OK",AX6,AX6+1) -> 13 | AZ6: =IF(IF(M6-ROUND(POISSON(AY6,L6,TRUE),2)>VLOOKUP(D6,Parameters!$F$1:$G$4,2,FALSE),"Re-calculate", "OK")="OK",AY6,AY6+1) -> 13 | BA6: =IF(IF(M6-ROUND(POISSON(AZ6,L6,TRUE),2)>VLOOKUP(D6,Parameters!$F$1:$G$4,2,FALSE),"Re-calculate", "OK")="OK",AZ6,AZ6+1) -> 13 | BB6: =IF(IF(M6-ROUND(POISSON(BA6,L6,TRUE),2)>VLOOKUP(D6,Parameters!$F$1:$G$4,2,FALSE),"Re-calculate", "OK")="OK",BA6,BA6+1) -> 13 | BC6: =IF(IF(M6-ROUND(POISSON(BB6,L6,TRUE),2)>VLOOKUP(D6,Parameters!$F$1:$G$4,2,FALSE),"Re-calculate", "OK")="OK",BB6,BB6+1) -> 13 | BD6: =IF(IF(M6-ROUND(POISSON(BC6,L6,TRUE),2)>VLOOKUP(D6,Parameters!$F$1:$G$4,2,FALSE),"Re-calculate", "OK")="OK",BC6,BC6+1) -> 13 | BE6: =IF(IF(M6-ROUND(POISSON(BD6,L6,TRUE),2)>VLOOKUP(D6,Parameters!$F$1:$G$4,2,FALSE),"Re-calculate", "OK")="OK",BD6,BD6+1) -> 13 | BF6: =POISSON(BE6,L6,TRUE) -> 0.95168278 | BG6: =ROUND(M6-BF6, 2) -> -0.02 | BH6: =IF(BG6>VLOOKUP(D6,Parameters!$F$1:$G$4,2,FALSE),"Re-Calculate","OK") -> OK | BI6: =IF(D6=1,L6," ") | BJ6: =IF(D6=2,L6," ") -> 8.42 | BK6: =IF(D6=3,L6," ") | BM6: =IF(D6=1,L6*BF6," ") | BN6: =IF(D6=2,L6*BF6," ") -> 8.013169 | BO6: =IF(D6=3,L6*BF6," ") | BQ6: =IF(D6=1,K6," ") | BR6: =IF(D6=2,K6," ") -> 64 | BS6: =IF(D6=3,K6," ") | BU6: =IF(D6=1,K6*BF6," ") | BV6: =IF(D6=2,K6*BF6," ") -> 60.907698 | BW6: =IF(D6=3,K6*BF6," ")
A7: Z043H0101110 | B7: 4000 | C7: 2 | D7: 2 | E7: 5 | F7: 30000 | G7: 0 | H7: 7441.22 | I7: 60 | J7: 48 | K7: =B7*' PROVISIONING Model'!I7*' PROVISIONING Model'!E7/(' PROVISIONING Model'!F7*POWER(10,' PROVISIONING Model'!G7)) -> 40 | L7: =ROUND(K7*J7/365,2) -> 5.26 | M7: =VLOOKUP(D7,Parameters!$B$9:$C$11,2,FALSE) -> 0.93 | N7: =VLOOKUP(D7,Parameters!$B$9:$D$11,3,FALSE) -> 0.1 | O7: =IF(K7>N7,"Yes","No") -> Yes | P7: =IF(O7="Yes",IF(M7-ROUND(VLOOKUP(L7,'Poisson Distribution Table'!$A$4:$AO$2934,2,FALSE),2)>VLOOKUP(D7,Parameters!$F$1:$G$4,2,FALSE),1,0),0) -> 1 | Q7: =IF(M7-ROUND(POISSON(IF(O7="Yes",IF(M7-ROUND(VLOOKUP(L7,'Poisson Distribution Table'!$A$4:$AO$2934,2,FALSE),2)>VLOOKUP(D7,Parameters!$F$1:$G$4,2,FALSE),1,0),0),L7,TRUE),2)>VLOOKUP(D7,Parameters!$F$1:$G$4,2,FALSE),P7+1,P7) -> 2 | R7: =IF(IF(M7-ROUND(POISSON(Q7,L7,TRUE),2)>VLOOKUP(D7,Parameters!$F$1:$G$4,2,FALSE),"Re-calculate", "OK")="OK",Q7,Q7+1) -> 3 | S7: =IF(IF(M7-ROUND(POISSON(IF(IF(M7-ROUND(POISSON(Q7,L7,TRUE),2)>VLOOKUP(D7,Parameters!$F$1:$G$4,2,FALSE),"Re-calculate", "OK")="OK",Q7,Q7+1),L7,TRUE),2)>VLOOKUP(D7,Parameters!$F$1:$G$4,2,FALSE),"Re-calculate", "OK")="OK",R7,R7+1) -> 4 | T7: =IF(IF(M7-ROUND(POISSON(S7,L7,TRUE),2)>VLOOKUP(D7,Parameters!$F$1:$G$4,2,FALSE),"Re-calculate", "OK")="OK",S7,S7+1) -> 5 | U7: =IF(IF(M7-ROUND(POISSON(IF(IF(M7-ROUND(POISSON(S7,L7,TRUE),2)>VLOOKUP(D7,Parameters!$F$1:$G$4,2,FALSE),"Re-calculate", "OK")="OK",S7,S7+1),L7,TRUE),2)>VLOOKUP(D7,Parameters!$F$1:$G$4,2,FALSE),"Re-calculate", "OK")="OK",T7,T7+1) -> 6 | V7: =IF(IF(M7-ROUND(POISSON(U7,L7,TRUE),2)>VLOOKUP(D7,Parameters!$F$1:$G$4,2,FALSE),"Re-calculate", "OK")="OK",U7,U7+1) -> 7 | W7: =IF(IF(M7-ROUND(POISSON(IF(IF(M7-ROUND(POISSON(U7,L7,TRUE),2)>VLOOKUP(D7,Parameters!$F$1:$G$4,2,FALSE),"Re-calculate", "OK")="OK",U7,U7+1),L7,TRUE),2)>VLOOKUP(D7,Parameters!$F$1:$G$4,2,FALSE),"Re-calculate", "OK")="OK",V7,V7+1) -> 8 | X7: =IF(IF(M7-ROUND(POISSON(W7,L7,TRUE),2)>VLOOKUP(D7,Parameters!$F$1:$G$4,2,FALSE),"Re-calculate", "OK")="OK",W7,W7+1) -> 9 | Y7: =IF(IF(M7-ROUND(POISSON(X7,L7,TRUE),2)>VLOOKUP(D7,Parameters!$F$1:$G$4,2,FALSE),"Re-calculate", "OK")="OK",X7,X7+1) -> 9 | Z7: =IF(IF(M7-ROUND(POISSON(Y7,L7,TRUE),2)>VLOOKUP(D7,Parameters!$F$1:$G$4,2,FALSE),"Re-calculate", "OK")="OK",Y7,Y7+1) -> 9 | AA7: =IF(IF(M7-ROUND(POISSON(Z7,L7,TRUE),2)>VLOOKUP(D7,Parameters!$F$1:$G$4,2,FALSE),"Re-calculate", "OK")="OK",Z7,Z7+1) -> 9 | AB7: =IF(IF(M7-ROUND(POISSON(AA7,L7,TRUE),2)>VLOOKUP(D7,Parameters!$F$1:$G$4,2,FALSE),"Re-calculate", "OK")="OK",AA7,AA7+1) -> 9 | AC7: =IF(IF(M7-ROUND(POISSON(AB7,L7,TRUE),2)>VLOOKUP(D7,Parameters!$F$1:$G$4,2,FALSE),"Re-calculate", "OK")="OK",AB7,AB7+1) -> 9 | AD7: =IF(IF(M7-ROUND(POISSON(AC7,L7,TRUE),2)>VLOOKUP(D7,Parameters!$F$1:$G$4,2,FALSE),"Re-calculate", "OK")="OK",AC7,AC7+1) -> 9 | AE7: =IF(IF(M7-ROUND(POISSON(AD7,L7,TRUE),2)>VLOOKUP(D7,Parameters!$F$1:$G$4,2,FALSE),"Re-calculate", "OK")="OK",AD7,AD7+1) -> 9 | AF7: =IF(IF(M7-ROUND(POISSON(AE7,L7,TRUE),2)>VLOOKUP(D7,Parameters!$F$1:$G$4,2,FALSE),"Re-calculate", "OK")="OK",AE7,AE7+1) -> 9 | AG7: =IF(IF(M7-ROUND(POISSON(AF7,L7,TRUE),2)>VLOOKUP(D7,Parameters!$F$1:$G$4,2,FALSE),"Re-calculate", "OK")="OK",AF7,AF7+1) -> 9 | AH7: =IF(IF(M7-ROUND(POISSON(AG7,L7,TRUE),2)>VLOOKUP(D7,Parameters!$F$1:$G$4,2,FALSE),"Re-calculate", "OK")="OK",AG7,AG7+1) -> 9 | AI7: =IF(IF(M7-ROUND(POISSON(AH7,L7,TRUE),2)>VLOOKUP(D7,Parameters!$F$1:$G$4,2,FALSE),"Re-calculate", "OK")="OK",AH7,AH7+1) -> 9 | AJ7: =IF(IF(M7-ROUND(POISSON(AI7,L7,TRUE),2)>VLOOKUP(D7,Parameters!$F$1:$G$4,2,FALSE),"Re-calculate", "OK")="OK",AI7,AI7+1) -> 9 | AK7: =IF(IF(M7-ROUND(POISSON(AJ7,L7,TRUE),2)>VLOOKUP(D7,Parameters!$F$1:$G$4,2,FALSE),"Re-calculate", "OK")="OK",AJ7,AJ7+1) -> 9 | AL7: =IF(IF(M7-ROUND(POISSON(AK7,L7,TRUE),2)>VLOOKUP(D7,Parameters!$F$1:$G$4,2,FALSE),"Re-calculate", "OK")="OK",AK7,AK7+1) -> 9 | AM7: =IF(IF(M7-ROUND(POISSON(AL7,L7,TRUE),2)>VLOOKUP(D7,Parameters!$F$1:$G$4,2,FALSE),"Re-calculate", "OK")="OK",AL7,AL7+1) -> 9 | AN7: =IF(IF(M7-ROUND(POISSON(AM7,L7,TRUE),2)>VLOOKUP(D7,Parameters!$F$1:$G$4,2,FALSE),"Re-calculate", "OK")="OK",AM7,AM7+1) -> 9 | AO7: =IF(IF(M7-ROUND(POISSON(AN7,L7,TRUE),2)>VLOOKUP(D7,Parameters!$F$1:$G$4,2,FALSE),"Re-calculate", "OK")="OK",AN7,AN7+1) -> 9 | AP7: =IF(IF(M7-ROUND(POISSON(AO7,L7,TRUE),2)>VLOOKUP(D7,Parameters!$F$1:$G$4,2,FALSE),"Re-calculate", "OK")="OK",AO7,AO7+1) -> 9 | AQ7: =IF(IF(M7-ROUND(POISSON(AP7,L7,TRUE),2)>VLOOKUP(D7,Parameters!$F$1:$G$4,2,FALSE),"Re-calculate", "OK")="OK",AP7,AP7+1) -> 9 | AR7: =IF(IF(M7-ROUND(POISSON(AQ7,L7,TRUE),2)>VLOOKUP(D7,Parameters!$F$1:$G$4,2,FALSE),"Re-calculate", "OK")="OK",AQ7,AQ7+1) -> 9 | AS7: =IF(IF(M7-ROUND(POISSON(AR7,L7,TRUE),2)>VLOOKUP(D7,Parameters!$F$1:$G$4,2,FALSE),"Re-calculate", "OK")="OK",AR7,AR7+1) -> 9 | AT7: =IF(IF(M7-ROUND(POISSON(AS7,L7,TRUE),2)>VLOOKUP(D7,Parameters!$F$1:$G$4,2,FALSE),"Re-calculate", "OK")="OK",AS7,AS7+1) -> 9 | AU7: =IF(IF(M7-ROUND(POISSON(AT7,L7,TRUE),2)>VLOOKUP(D7,Parameters!$F$1:$G$4,2,FALSE),"Re-calculate", "OK")="OK",AT7,AT7+1) -> 9 | AV7: =IF(IF(M7-ROUND(POISSON(AU7,L7,TRUE),2)>VLOOKUP(D7,Parameters!$F$1:$G$4,2,FALSE),"Re-calculate", "OK")="OK",AU7,AU7+1) -> 9 | AW7: =IF(IF(M7-ROUND(POISSON(AV7,L7,TRUE),2)>VLOOKUP(D7,Parameters!$F$1:$G$4,2,FALSE),"Re-calculate", "OK")="OK",AV7,AV7+1) -> 9 | AX7: =IF(IF(M7-ROUND(POISSON(AW7,L7,TRUE),2)>VLOOKUP(D7,Parameters!$F$1:$G$4,2,FALSE),"Re-calculate", "OK")="OK",AW7,AW7+1) -> 9 | AY7: =IF(IF(M7-ROUND(POISSON(AX7,L7,TRUE),2)>VLOOKUP(D7,Parameters!$F$1:$G$4,2,FALSE),"Re-calculate", "OK")="OK",AX7,AX7+1) -> 9 | AZ7: =IF(IF(M7-ROUND(POISSON(AY7,L7,TRUE),2)>VLOOKUP(D7,Parameters!$F$1:$G$4,2,FALSE),"Re-calculate", "OK")="OK",AY7,AY7+1) -> 9 | BA7: =IF(IF(M7-ROUND(POISSON(AZ7,L7,TRUE),2)>VLOOKUP(D7,Parameters!$F$1:$G$4,2,FALSE),"Re-calculate", "OK")="OK",AZ7,AZ7+1) -> 9 | BB7: =IF(IF(M7-ROUND(POISSON(BA7,L7,TRUE),2)>VLOOKUP(D7,Parameters!$F$1:$G$4,2,FALSE),"Re-calculate", "OK")="OK",BA7,BA7+1) -> 9 | BC7: =IF(IF(M7-ROUND(POISSON(BB7,L7,TRUE),2)>VLOOKUP(D7,Parameters!$F$1:$G$4,2,FALSE),"Re-calculate", "OK")="OK",BB7,BB7+1) -> 9 | BD7: =IF(IF(M7-ROUND(POISSON(BC7,L7,TRUE),2)>VLOOKUP(D7,Parameters!$F$1:$G$4,2,FALSE),"Re-calculate", "OK")="OK",BC7,BC7+1) -> 9 | BE7: =IF(IF(M7-ROUND(POISSON(BD7,L7,TRUE),2)>VLOOKUP(D7,Parameters!$F$1:$G$4,2,FALSE),"Re-calculate", "OK")="OK",BD7,BD7+1) -> 9 | BF7: =POISSON(BE7,L7,TRUE) -> 0.95773403 | BG7: =ROUND(M7-BF7, 2) -> -0.03 | BH7: =IF(BG7>VLOOKUP(D7,Parameters!$F$1:$G$4,2,FALSE),"Re-Calculate","OK") -> OK | BI7: =IF(D7=1,L7," ") | BJ7: =IF(D7=2,L7," ") -> 5.26 | BK7: =IF(D7=3,L7," ") | BM7: =IF(D7=1,L7*BF7," ") | BN7: =IF(D7=2,L7*BF7," ") -> 5.037681 | BO7: =IF(D7=3,L7*BF7," ") | BQ7: =IF(D7=1,K7," ") | BR7: =IF(D7=2,K7," ") -> 40 | BS7: =IF(D7=3,K7," ") | BU7: =IF(D7=1,K7*BF7," ") | BV7: =IF(D7=2,K7*BF7," ") -> 38.309361 | BW7: =IF(D7=3,K7*BF7," ")
A8: Z111H0040131 | B8: 4000 | C8: 2 | D8: 3 | E8: 4 | F8: 15000 | G8: 0 | H8: 8029.07 | I8: 60 | J8: 48 | K8: =B8*' PROVISIONING Model'!I8*' PROVISIONING Model'!E8/(' PROVISIONING Model'!F8*POWER(10,' PROVISIONING Model'!G8)) -> 64 | L8: =ROUND(K8*J8/365,2) -> 8.42 | M8: =VLOOKUP(D8,Parameters!$B$9:$C$11,2,FALSE) -> 0.91 | N8: =VLOOKUP(D8,Parameters!$B$9:$D$11,3,FALSE) -> 0.1 | O8: =IF(K8>N8,"Yes","No") -> Yes | P8: =IF(O8="Yes",IF(M8-ROUND(VLOOKUP(L8,'Poisson Distribution Table'!$A$4:$AO$2934,2,FALSE),2)>VLOOKUP(D8,Parameters!$F$1:$G$4,2,FALSE),1,0),0) -> 1 | Q8: =IF(M8-ROUND(POISSON(IF(O8="Yes",IF(M8-ROUND(VLOOKUP(L8,'Poisson Distribution Table'!$A$4:$AO$2934,2,FALSE),2)>VLOOKUP(D8,Parameters!$F$1:$G$4,2,FALSE),1,0),0),L8,TRUE),2)>VLOOKUP(D8,Parameters!$F$1:$G$4,2,FALSE),P8+1,P8) -> 2 | R8: =IF(IF(M8-ROUND(POISSON(Q8,L8,TRUE),2)>VLOOKUP(D8,Parameters!$F$1:$G$4,2,FALSE),"Re-calculate", "OK")="OK",Q8,Q8+1) -> 3 | S8: =IF(IF(M8-ROUND(POISSON(IF(IF(M8-ROUND(POISSON(Q8,L8,TRUE),2)>VLOOKUP(D8,Parameters!$F$1:$G$4,2,FALSE),"Re-calculate", "OK")="OK",Q8,Q8+1),L8,TRUE),2)>VLOOKUP(D8,Parameters!$F$1:$G$4,2,FALSE),"Re-calculate", "OK")="OK",R8,R8+1) -> 4 | T8: =IF(IF(M8-ROUND(POISSON(S8,L8,TRUE),2)>VLOOKUP(D8,Parameters!$F$1:$G$4,2,FALSE),"Re-calculate", "OK")="OK",S8,S8+1) -> 5 | U8: =IF(IF(M8-ROUND(POISSON(IF(IF(M8-ROUND(POISSON(S8,L8,TRUE),2)>VLOOKUP(D8,Parameters!$F$1:$G$4,2,FALSE),"Re-calculate", "OK")="OK",S8,S8+1),L8,TRUE),2)>VLOOKUP(D8,Parameters!$F$1:$G$4,2,FALSE),"Re-calculate", "OK")="OK",T8,T8+1) -> 6 | V8: =IF(IF(M8-ROUND(POISSON(U8,L8,TRUE),2)>VLOOKUP(D8,Parameters!$F$1:$G$4,2,FALSE),"Re-calculate", "OK")="OK",U8,U8+1) -> 7 | W8: =IF(IF(M8-ROUND(POISSON(IF(IF(M8-ROUND(POISSON(U8,L8,TRUE),2)>VLOOKUP(D8,Parameters!$F$1:$G$4,2,FALSE),"Re-calculate", "OK")="OK",U8,U8+1),L8,TRUE),2)>VLOOKUP(D8,Parameters!$F$1:$G$4,2,FALSE),"Re-calculate", "OK")="OK",V8,V8+1) -> 8 | X8: =IF(IF(M8-ROUND(POISSON(W8,L8,TRUE),2)>VLOOKUP(D8,Parameters!$F$1:$G$4,2,FALSE),"Re-calculate", "OK")="OK",W8,W8+1) -> 9 | Y8: =IF(IF(M8-ROUND(POISSON(X8,L8,TRUE),2)>VLOOKUP(D8,Parameters!$F$1:$G$4,2,FALSE),"Re-calculate", "OK")="OK",X8,X8+1) -> 10 | Z8: =IF(IF(M8-ROUND(POISSON(Y8,L8,TRUE),2)>VLOOKUP(D8,Parameters!$F$1:$G$4,2,FALSE),"Re-calculate", "OK")="OK",Y8,Y8+1) -> 11 | AA8: =IF(IF(M8-ROUND(POISSON(Z8,L8,TRUE),2)>VLOOKUP(D8,Parameters!$F$1:$G$4,2,FALSE),"Re-calculate", "OK")="OK",Z8,Z8+1) -> 12 | AB8: =IF(IF(M8-ROUND(POISSON(AA8,L8,TRUE),2)>VLOOKUP(D8,Parameters!$F$1:$G$4,2,FALSE),"Re-calculate", "OK")="OK",AA8,AA8+1) -> 12 | AC8: =IF(IF(M8-ROUND(POISSON(AB8,L8,TRUE),2)>VLOOKUP(D8,Parameters!$F$1:$G$4,2,FALSE),"Re-calculate", "OK")="OK",AB8,AB8+1) -> 12 | AD8: =IF(IF(M8-ROUND(POISSON(AC8,L8,TRUE),2)>VLOOKUP(D8,Parameters!$F$1:$G$4,2,FALSE),"Re-calculate", "OK")="OK",AC8,AC8+1) -> 12 | AE8: =IF(IF(M8-ROUND(POISSON(AD8,L8,TRUE),2)>VLOOKUP(D8,Parameters!$F$1:$G$4,2,FALSE),"Re-calculate", "OK")="OK",AD8,AD8+1) -> 12 | AF8: =IF(IF(M8-ROUND(POISSON(AE8,L8,TRUE),2)>VLOOKUP(D8,Parameters!$F$1:$G$4,2,FALSE),"Re-calculate", "OK")="OK",AE8,AE8+1) -> 12 | AG8: =IF(IF(M8-ROUND(POISSON(AF8,L8,TRUE),2)>VLOOKUP(D8,Parameters!$F$1:$G$4,2,FALSE),"Re-calculate", "OK")="OK",AF8,AF8+1) -> 12 | AH8: =IF(IF(M8-ROUND(POISSON(AG8,L8,TRUE),2)>VLOOKUP(D8,Parameters!$F$1:$G$4,2,FALSE),"Re-calculate", "OK")="OK",AG8,AG8+1) -> 12 | AI8: =IF(IF(M8-ROUND(POISSON(AH8,L8,TRUE),2)>VLOOKUP(D8,Parameters!$F$1:$G$4,2,FALSE),"Re-calculate", "OK")="OK",AH8,AH8+1) -> 12 | AJ8: =IF(IF(M8-ROUND(POISSON(AI8,L8,TRUE),2)>VLOOKUP(D8,Parameters!$F$1:$G$4,2,FALSE),"Re-calculate", "OK")="OK",AI8,AI8+1) -> 12 | AK8: =IF(IF(M8-ROUND(POISSON(AJ8,L8,TRUE),2)>VLOOKUP(D8,Parameters!$F$1:$G$4,2,FALSE),"Re-calculate", "OK")="OK",AJ8,AJ8+1) -> 12 | AL8: =IF(IF(M8-ROUND(POISSON(AK8,L8,TRUE),2)>VLOOKUP(D8,Parameters!$F$1:$G$4,2,FALSE),"Re-calculate", "OK")="OK",AK8,AK8+1) -> 12 | AM8: =IF(IF(M8-ROUND(POISSON(AL8,L8,TRUE),2)>VLOOKUP(D8,Parameters!$F$1:$G$4,2,FALSE),"Re-calculate", "OK")="OK",AL8,AL8+1) -> 12 | AN8: =IF(IF(M8-ROUND(POISSON(AM8,L8,TRUE),2)>VLOOKUP(D8,Parameters!$F$1:$G$4,2,FALSE),"Re-calculate", "OK")="OK",AM8,AM8+1) -> 12 | AO8: =IF(IF(M8-ROUND(POISSON(AN8,L8,TRUE),2)>VLOOKUP(D8,Parameters!$F$1:$G$4,2,FALSE),"Re-calculate", "OK")="OK",AN8,AN8+1) -> 12 | AP8: =IF(IF(M8-ROUND(POISSON(AO8,L8,TRUE),2)>VLOOKUP(D8,Parameters!$F$1:$G$4,2,FALSE),"Re-calculate", "OK")="OK",AO8,AO8+1) -> 12 | AQ8: =IF(IF(M8-ROUND(POISSON(AP8,L8,TRUE),2)>VLOOKUP(D8,Parameters!$F$1:$G$4,2,FALSE),"Re-calculate", "OK")="OK",AP8,AP8+1) -> 12 | AR8: =IF(IF(M8-ROUND(POISSON(AQ8,L8,TRUE),2)>VLOOKUP(D8,Parameters!$F$1:$G$4,2,FALSE),"Re-calculate", "OK")="OK",AQ8,AQ8+1) -> 12 | AS8: =IF(IF(M8-ROUND(POISSON(AR8,L8,TRUE),2)>VLOOKUP(D8,Parameters!$F$1:$G$4,2,FALSE),"Re-calculate", "OK")="OK",AR8,AR8+1) -> 12 | AT8: =IF(IF(M8-ROUND(POISSON(AS8,L8,TRUE),2)>VLOOKUP(D8,Parameters!$F$1:$G$4,2,FALSE),"Re-calculate", "OK")="OK",AS8,AS8+1) -> 12 | AU8: =IF(IF(M8-ROUND(POISSON(AT8,L8,TRUE),2)>VLOOKUP(D8,Parameters!$F$1:$G$4,2,FALSE),"Re-calculate", "OK")="OK",AT8,AT8+1) -> 12 | AV8: =IF(IF(M8-ROUND(POISSON(AU8,L8,TRUE),2)>VLOOKUP(D8,Parameters!$F$1:$G$4,2,FALSE),"Re-calculate", "OK")="OK",AU8,AU8+1) -> 12 | AW8: =IF(IF(M8-ROUND(POISSON(AV8,L8,TRUE),2)>VLOOKUP(D8,Parameters!$F$1:$G$4,2,FALSE),"Re-calculate", "OK")="OK",AV8,AV8+1) -> 12 | AX8: =IF(IF(M8-ROUND(POISSON(AW8,L8,TRUE),2)>VLOOKUP(D8,Parameters!$F$1:$G$4,2,FALSE),"Re-calculate", "OK")="OK",AW8,AW8+1) -> 12 | AY8: =IF(IF(M8-ROUND(POISSON(AX8,L8,TRUE),2)>VLOOKUP(D8,Parameters!$F$1:$G$4,2,FALSE),"Re-calculate", "OK")="OK",AX8,AX8+1) -> 12 | AZ8: =IF(IF(M8-ROUND(POISSON(AY8,L8,TRUE),2)>VLOOKUP(D8,Parameters!$F$1:$G$4,2,FALSE),"Re-calculate", "OK")="OK",AY8,AY8+1) -> 12 | BA8: =IF(IF(M8-ROUND(POISSON(AZ8,L8,TRUE),2)>VLOOKUP(D8,Parameters!$F$1:$G$4,2,FALSE),"Re-calculate", "OK")="OK",AZ8,AZ8+1) -> 12 | BB8: =IF(IF(M8-ROUND(POISSON(BA8,L8,TRUE),2)>VLOOKUP(D8,Parameters!$F$1:$G$4,2,FALSE),"Re-calculate", "OK")="OK",BA8,BA8+1) -> 12 | BC8: =IF(IF(M8-ROUND(POISSON(BB8,L8,TRUE),2)>VLOOKUP(D8,Parameters!$F$1:$G$4,2,FALSE),"Re-calculate", "OK")="OK",BB8,BB8+1) -> 12 | BD8: =IF(IF(M8-ROUND(POISSON(BC8,L8,TRUE),2)>VLOOKUP(D8,Parameters!$F$1:$G$4,2,FALSE),"Re-calculate", "OK")="OK",BC8,BC8+1) -> 12 | BE8: =IF(IF(M8-ROUND(POISSON(BD8,L8,TRUE),2)>VLOOKUP(D8,Parameters!$F$1:$G$4,2,FALSE),"Re-calculate", "OK")="OK",BD8,BD8+1) -> 12 | BF8: =POISSON(BE8,L8,TRUE) -> 0.91383701 | BG8: =ROUND(M8-BF8, 2) -> 0 | BH8: =IF(BG8>VLOOKUP(D8,Parameters!$F$1:$G$4,2,FALSE),"Re-Calculate","OK") -> OK | BI8: =IF(D8=1,L8," ") | BJ8: =IF(D8=2,L8," ") | BK8: =IF(D8=3,L8," ") -> 8.42 | BM8: =IF(D8=1,L8*BF8," ") | BN8: =IF(D8=2,L8*BF8," ") | BO8: =IF(D8=3,L8*BF8," ") -> 7.6945076 | BQ8: =IF(D8=1,K8," ") | BR8: =IF(D8=2,K8," ") | BS8: =IF(D8=3,K8," ") -> 64 | BU8: =IF(D8=1,K8*BF8," ") | BV8: =IF(D8=2,K8*BF8," ") | BW8: =IF(D8=3,K8*BF8," ") -> 58.485569
A9: Z145HA452120 | B9: 4000 | C9: 2 | D9: 2 | E9: 1 | F9: 11250 | G9: 0 | H9: 76480 | I9: 60 | J9: 48 | K9: =B9*' PROVISIONING Model'!I9*' PROVISIONING Model'!E9/(' PROVISIONING Model'!F9*POWER(10,' PROVISIONING Model'!G9)) -> 21.333333 | L9: =ROUND(K9*J9/365,2) -> 2.81 | M9: =VLOOKUP(D9,Parameters!$B$9:$C$11,2,FALSE) -> 0.93 | N9: =VLOOKUP(D9,Parameters!$B$9:$D$11,3,FALSE) -> 0.1 | O9: =IF(K9>N9,"Yes","No") -> Yes | P9: =IF(O9="Yes",IF(M9-ROUND(VLOOKUP(L9,'Poisson Distribution Table'!$A$4:$AO$2934,2,FALSE),2)>VLOOKUP(D9,Parameters!$F$1:$G$4,2,FALSE),1,0),0) -> 1 | Q9: =IF(M9-ROUND(POISSON(IF(O9="Yes",IF(M9-ROUND(VLOOKUP(L9,'Poisson Distribution Table'!$A$4:$AO$2934,2,FALSE),2)>VLOOKUP(D9,Parameters!$F$1:$G$4,2,FALSE),1,0),0),L9,TRUE),2)>VLOOKUP(D9,Parameters!$F$1:$G$4,2,FALSE),P9+1,P9) -> 2 | R9: =IF(IF(M9-ROUND(POISSON(Q9,L9,TRUE),2)>VLOOKUP(D9,Parameters!$F$1:$G$4,2,FALSE),"Re-calculate", "OK")="OK",Q9,Q9+1) -> 3 | S9: =IF(IF(M9-ROUND(POISSON(IF(IF(M9-ROUND(POISSON(Q9,L9,TRUE),2)>VLOOKUP(D9,Parameters!$F$1:$G$4,2,FALSE),"Re-calculate", "OK")="OK",Q9,Q9+1),L9,TRUE),2)>VLOOKUP(D9,Parameters!$F$1:$G$4,2,FALSE),"Re-calculate", "OK")="OK",R9,R9+1) -> 4 | T9: =IF(IF(M9-ROUND(POISSON(S9,L9,TRUE),2)>VLOOKUP(D9,Parameters!$F$1:$G$4,2,FALSE),"Re-calculate", "OK")="OK",S9,S9+1) -> 5 | U9: =IF(IF(M9-ROUND(POISSON(IF(IF(M9-ROUND(POISSON(S9,L9,TRUE),2)>VLOOKUP(D9,Parameters!$F$1:$G$4,2,FALSE),"Re-calculate", "OK")="OK",S9,S9+1),L9,TRUE),2)>VLOOKUP(D9,Parameters!$F$1:$G$4,2,FALSE),"Re-calculate", "OK")="OK",T9,T9+1) -> 5 | V9: =IF(IF(M9-ROUND(POISSON(U9,L9,TRUE),2)>VLOOKUP(D9,Parameters!$F$1:$G$4,2,FALSE),"Re-calculate", "OK")="OK",U9,U9+1) -> 5 | W9: =IF(IF(M9-ROUND(POISSON(IF(IF(M9-ROUND(POISSON(U9,L9,TRUE),2)>VLOOKUP(D9,Parameters!$F$1:$G$4,2,FALSE),"Re-calculate", "OK")="OK",U9,U9+1),L9,TRUE),2)>VLOOKUP(D9,Parameters!$F$1:$G$4,2,FALSE),"Re-calculate", "OK")="OK",V9,V9+1) -> 5 | X9: =IF(IF(M9-ROUND(POISSON(W9,L9,TRUE),2)>VLOOKUP(D9,Parameters!$F$1:$G$4,2,FALSE),"Re-calculate", "OK")="OK",W9,W9+1) -> 5 | Y9: =IF(IF(M9-ROUND(POISSON(X9,L9,TRUE),2)>VLOOKUP(D9,Parameters!$F$1:$G$4,2,FALSE),"Re-calculate", "OK")="OK",X9,X9+1) -> 5 | Z9: =IF(IF(M9-ROUND(POISSON(Y9,L9,TRUE),2)>VLOOKUP(D9,Parameters!$F$1:$G$4,2,FALSE),"Re-calculate", "OK")="OK",Y9,Y9+1) -> 5 | AA9: =IF(IF(M9-ROUND(POISSON(Z9,L9,TRUE),2)>VLOOKUP(D9,Parameters!$F$1:$G$4,2,FALSE),"Re-calculate", "OK")="OK",Z9,Z9+1) -> 5 | AB9: =IF(IF(M9-ROUND(POISSON(AA9,L9,TRUE),2)>VLOOKUP(D9,Parameters!$F$1:$G$4,2,FALSE),"Re-calculate", "OK")="OK",AA9,AA9+1) -> 5 | AC9: =IF(IF(M9-ROUND(POISSON(AB9,L9,TRUE),2)>VLOOKUP(D9,Parameters!$F$1:$G$4,2,FALSE),"Re-calculate", "OK")="OK",AB9,AB9+1) -> 5 | AD9: =IF(IF(M9-ROUND(POISSON(AC9,L9,TRUE),2)>VLOOKUP(D9,Parameters!$F$1:$G$4,2,FALSE),"Re-calculate", "OK")="OK",AC9,AC9+1) -> 5 | AE9: =IF(IF(M9-ROUND(POISSON(AD9,L9,TRUE),2)>VLOOKUP(D9,Parameters!$F$1:$G$4,2,FALSE),"Re-calculate", "OK")="OK",AD9,AD9+1) -> 5 | AF9: =IF(IF(M9-ROUND(POISSON(AE9,L9,TRUE),2)>VLOOKUP(D9,Parameters!$F$1:$G$4,2,FALSE),"Re-calculate", "OK")="OK",AE9,AE9+1) -> 5 | AG9: =IF(IF(M9-ROUND(POISSON(AF9,L9,TRUE),2)>VLOOKUP(D9,Parameters!$F$1:$G$4,2,FALSE),"Re-calculate", "OK")="OK",AF9,AF9+1) -> 5 | AH9: =IF(IF(M9-ROUND(POISSON(AG9,L9,TRUE),2)>VLOOKUP(D9,Parameters!$F$1:$G$4,2,FALSE),"Re-calculate", "OK")="OK",AG9,AG9+1) -> 5 | AI9: =IF(IF(M9-ROUND(POISSON(AH9,L9,TRUE),2)>VLOOKUP(D9,Parameters!$F$1:$G$4,2,FALSE),"Re-calculate", "OK")="OK",AH9,AH9+1) -> 5 | AJ9: =IF(IF(M9-ROUND(POISSON(AI9,L9,TRUE),2)>VLOOKUP(D9,Parameters!$F$1:$G$4,2,FALSE),"Re-calculate", "OK")="OK",AI9,AI9+1) -> 5 | AK9: =IF(IF(M9-ROUND(POISSON(AJ9,L9,TRUE),2)>VLOOKUP(D9,Parameters!$F$1:$G$4,2,FALSE),"Re-calculate", "OK")="OK",AJ9,AJ9+1) -> 5 | AL9: =IF(IF(M9-ROUND(POISSON(AK9,L9,TRUE),2)>VLOOKUP(D9,Parameters!$F$1:$G$4,2,FALSE),"Re-calculate", "OK")="OK",AK9,AK9+1) -> 5 | AM9: =IF(IF(M9-ROUND(POISSON(AL9,L9,TRUE),2)>VLOOKUP(D9,Parameters!$F$1:$G$4,2,FALSE),"Re-calculate", "OK")="OK",AL9,AL9+1) -> 5 | AN9: =IF(IF(M9-ROUND(POISSON(AM9,L9,TRUE),2)>VLOOKUP(D9,Parameters!$F$1:$G$4,2,FALSE),"Re-calculate", "OK")="OK",AM9,AM9+1) -> 5 | AO9: =IF(IF(M9-ROUND(POISSON(AN9,L9,TRUE),2)>VLOOKUP(D9,Parameters!$F$1:$G$4,2,FALSE),"Re-calculate", "OK")="OK",AN9,AN9+1) -> 5 | AP9: =IF(IF(M9-ROUND(POISSON(AO9,L9,TRUE),2)>VLOOKUP(D9,Parameters!$F$1:$G$4,2,FALSE),"Re-calculate", "OK")="OK",AO9,AO9+1) -> 5 | AQ9: =IF(IF(M9-ROUND(POISSON(AP9,L9,TRUE),2)>VLOOKUP(D9,Parameters!$F$1:$G$4,2,FALSE),"Re-calculate", "OK")="OK",AP9,AP9+1) -> 5 | AR9: =IF(IF(M9-ROUND(POISSON(AQ9,L9,TRUE),2)>VLOOKUP(D9,Parameters!$F$1:$G$4,2,FALSE),"Re-calculate", "OK")="OK",AQ9,AQ9+1) -> 5 | AS9: =IF(IF(M9-ROUND(POISSON(AR9,L9,TRUE),2)>VLOOKUP(D9,Parameters!$F$1:$G$4,2,FALSE),"Re-calculate", "OK")="OK",AR9,AR9+1) -> 5 | AT9: =IF(IF(M9-ROUND(POISSON(AS9,L9,TRUE),2)>VLOOKUP(D9,Parameters!$F$1:$G$4,2,FALSE),"Re-calculate", "OK")="OK",AS9,AS9+1) -> 5 | AU9: =IF(IF(M9-ROUND(POISSON(AT9,L9,TRUE),2)>VLOOKUP(D9,Parameters!$F$1:$G$4,2,FALSE),"Re-calculate", "OK")="OK",AT9,AT9+1) -> 5 | AV9: =IF(IF(M9-ROUND(POISSON(AU9,L9,TRUE),2)>VLOOKUP(D9,Parameters!$F$1:$G$4,2,FALSE),"Re-calculate", "OK")="OK",AU9,AU9+1) -> 5 | AW9: =IF(IF(M9-ROUND(POISSON(AV9,L9,TRUE),2)>VLOOKUP(D9,Parameters!$F$1:$G$4,2,FALSE),"Re-calculate", "OK")="OK",AV9,AV9+1) -> 5 | AX9: =IF(IF(M9-ROUND(POISSON(AW9,L9,TRUE),2)>VLOOKUP(D9,Parameters!$F$1:$G$4,2,FALSE),"Re-calculate", "OK")="OK",AW9,AW9+1) -> 5 | AY9: =IF(IF(M9-ROUND(POISSON(AX9,L9,TRUE),2)>VLOOKUP(D9,Parameters!$F$1:$G$4,2,FALSE),"Re-calculate", "OK")="OK",AX9,AX9+1) -> 5 | AZ9: =IF(IF(M9-ROUND(POISSON(AY9,L9,TRUE),2)>VLOOKUP(D9,Parameters!$F$1:$G$4,2,FALSE),"Re-calculate", "OK")="OK",AY9,AY9+1) -> 5 | BA9: =IF(IF(M9-ROUND(POISSON(AZ9,L9,TRUE),2)>VLOOKUP(D9,Parameters!$F$1:$G$4,2,FALSE),"Re-calculate", "OK")="OK",AZ9,AZ9+1) -> 5 | BB9: =IF(IF(M9-ROUND(POISSON(BA9,L9,TRUE),2)>VLOOKUP(D9,Parameters!$F$1:$G$4,2,FALSE),"Re-calculate", "OK")="OK",BA9,BA9+1) -> 5 | BC9: =IF(IF(M9-ROUND(POISSON(BB9,L9,TRUE),2)>VLOOKUP(D9,Parameters!$F$1:$G$4,2,FALSE),"Re-calculate", "OK")="OK",BB9,BB9+1) -> 5 | BD9: =IF(IF(M9-ROUND(POISSON(BC9,L9,TRUE),2)>VLOOKUP(D9,Parameters!$F$1:$G$4,2,FALSE),"Re-calculate", "OK")="OK",BC9,BC9+1) -> 5 | BE9: =IF(IF(M9-ROUND(POISSON(BD9,L9,TRUE),2)>VLOOKUP(D9,Parameters!$F$1:$G$4,2,FALSE),"Re-calculate", "OK")="OK",BD9,BD9+1) -> 5 | BF9: =POISSON(BE9,L9,TRUE) -> 0.93401412 | BG9: =ROUND(M9-BF9, 2) -> 0 | BH9: =IF(BG9>VLOOKUP(D9,Parameters!$F$1:$G$4,2,FALSE),"Re-Calculate","OK") -> OK | BI9: =IF(D9=1,L9," ") | BJ9: =IF(D9=2,L9," ") -> 2.81 | BK9: =IF(D9=3,L9," ") | BM9: =IF(D9=1,L9*BF9," ") | BN9: =IF(D9=2,L9*BF9," ") -> 2.6245797 | BO9: =IF(D9=3,L9*BF9," ") | BQ9: =IF(D9=1,K9," ") | BR9: =IF(D9=2,K9," ") -> 21.333333 | BS9: =IF(D9=3,K9," ") | BU9: =IF(D9=1,K9*BF9," ") | BV9: =IF(D9=2,K9*BF9," ") -> 19.925635 | BW9: =IF(D9=3,K9*BF9," ")
A10: Z212H0001110 | B10: 4000 | C10: 2 | D10: 3 | E10: 9 | F10: 30000 | G10: 0 | H10: 2968.04 | I10: 60 | J10: 48 | K10: =B10*' PROVISIONING Model'!I10*' PROVISIONING Model'!E10/(' PROVISIONING Model'!F10*POWER(10,' PROVISIONING Model'!G10)) -> 72 | L10: =ROUND(K10*J10/365,2) -> 9.47 | M10: =VLOOKUP(D10,Parameters!$B$9:$C$11,2,FALSE) -> 0.91 | N10: =VLOOKUP(D10,Parameters!$B$9:$D$11,3,FALSE) -> 0.1 | O10: =IF(K10>N10,"Yes","No") -> Yes | P10: =IF(O10="Yes",IF(M10-ROUND(VLOOKUP(L10,'Poisson Distribution Table'!$A$4:$AO$2934,2,FALSE),2)>VLOOKUP(D10,Parameters!$F$1:$G$4,2,FALSE),1,0),0) -> 1 | Q10: =IF(M10-ROUND(POISSON(IF(O10="Yes",IF(M10-ROUND(VLOOKUP(L10,'Poisson Distribution Table'!$A$4:$AO$2934,2,FALSE),2)>VLOOKUP(D10,Parameters!$F$1:$G$4,2,FALSE),1,0),0),L10,TRUE),2)>VLOOKUP(D10,Parameters!$F$1:$G$4,2,FALSE),P10+1,P10) -> 2 | R10: =IF(IF(M10-ROUND(POISSON(Q10,L10,TRUE),2)>VLOOKUP(D10,Parameters!$F$1:$G$4,2,FALSE),"Re-calculate", "OK")="OK",Q10,Q10+1) -> 3 | S10: =IF(IF(M10-ROUND(POISSON(IF(IF(M10-ROUND(POISSON(Q10,L10,TRUE),2)>VLOOKUP(D10,Parameters!$F$1:$G$4,2,FALSE),"Re-calculate", "OK")="OK",Q10,Q10+1),L10,TRUE),2)>VLOOKUP(D10,Parameters!$F$1:$G$4,2,FALSE),"Re-calculate", "OK")="OK",R10,R10+1) -> 4 | T10: =IF(IF(M10-ROUND(POISSON(S10,L10,TRUE),2)>VLOOKUP(D10,Parameters!$F$1:$G$4,2,FALSE),"Re-calculate", "OK")="OK",S10,S10+1) -> 5 | U10: =IF(IF(M10-ROUND(POISSON(IF(IF(M10-ROUND(POISSON(S10,L10,TRUE),2)>VLOOKUP(D10,Parameters!$F$1:$G$4,2,FALSE),"Re-calculate", "OK")="OK",S10,S10+1),L10,TRUE),2)>VLOOKUP(D10,Parameters!$F$1:$G$4,2,FALSE),"Re-calculate", "OK")="OK",T10,T10+1) -> 6 | V10: =IF(IF(M10-ROUND(POISSON(U10,L10,TRUE),2)>VLOOKUP(D10,Parameters!$F$1:$G$4,2,FALSE),"Re-calculate", "OK")="OK",U10,U10+1) -> 7 | W10: =IF(IF(M10-ROUND(POISSON(IF(IF(M10-ROUND(POISSON(U10,L10,TRUE),2)>VLOOKUP(D10,Parameters!$F$1:$G$4,2,FALSE),"Re-calculate", "OK")="OK",U10,U10+1),L10,TRUE),2)>VLOOKUP(D10,Parameters!$F$1:$G$4,2,FALSE),"Re-calculate", "OK")="OK",V10,V10+1) -> 8 | X10: =IF(IF(M10-ROUND(POISSON(W10,L10,TRUE),2)>VLOOKUP(D10,Parameters!$F$1:$G$4,2,FALSE),"Re-calculate", "OK")="OK",W10,W10+1) -> 9 | Y10: =IF(IF(M10-ROUND(POISSON(X10,L10,TRUE),2)>VLOOKUP(D10,Parameters!$F$1:$G$4,2,FALSE),"Re-calculate", "OK")="OK",X10,X10+1) -> 10 | Z10: =IF(IF(M10-ROUND(POISSON(Y10,L10,TRUE),2)>VLOOKUP(D10,Parameters!$F$1:$G$4,2,FALSE),"Re-calculate", "OK")="OK",Y10,Y10+1) -> 11 | AA10: =IF(IF(M10-ROUND(POISSON(Z10,L10,TRUE),2)>VLOOKUP(D10,Parameters!$F$1:$G$4,2,FALSE),"Re-calculate", "OK")="OK",Z10,Z10+1) -> 12 | AB10: =IF(IF(M10-ROUND(POISSON(AA10,L10,TRUE),2)>VLOOKUP(D10,Parameters!$F$1:$G$4,2,FALSE),"Re-calculate", "OK")="OK",AA10,AA10+1) -> 13 | AC10: =IF(IF(M10-ROUND(POISSON(AB10,L10,TRUE),2)>VLOOKUP(D10,Parameters!$F$1:$G$4,2,FALSE),"Re-calculate", "OK")="OK",AB10,AB10+1) -> 14 | AD10: =IF(IF(M10-ROUND(POISSON(AC10,L10,TRUE),2)>VLOOKUP(D10,Parameters!$F$1:$G$4,2,FALSE),"Re-calculate", "OK")="OK",AC10,AC10+1) -> 14 | AE10: =IF(IF(M10-ROUND(POISSON(AD10,L10,TRUE),2)>VLOOKUP(D10,Parameters!$F$1:$G$4,2,FALSE),"Re-calculate", "OK")="OK",AD10,AD10+1) -> 14 | AF10: =IF(IF(M10-ROUND(POISSON(AE10,L10,TRUE),2)>VLOOKUP(D10,Parameters!$F$1:$G$4,2,FALSE),"Re-calculate", "OK")="OK",AE10,AE10+1) -> 14 | AG10: =IF(IF(M10-ROUND(POISSON(AF10,L10,TRUE),2)>VLOOKUP(D10,Parameters!$F$1:$G$4,2,FALSE),"Re-calculate", "OK")="OK",AF10,AF10+1) -> 14 | AH10: =IF(IF(M10-ROUND(POISSON(AG10,L10,TRUE),2)>VLOOKUP(D10,Parameters!$F$1:$G$4,2,FALSE),"Re-calculate", "OK")="OK",AG10,AG10+1) -> 14 | AI10: =IF(IF(M10-ROUND(POISSON(AH10,L10,TRUE),2)>VLOOKUP(D10,Parameters!$F$1:$G$4,2,FALSE),"Re-calculate", "OK")="OK",AH10,AH10+1) -> 14 | AJ10: =IF(IF(M10-ROUND(POISSON(AI10,L10,TRUE),2)>VLOOKUP(D10,Parameters!$F$1:$G$4,2,FALSE),"Re-calculate", "OK")="OK",AI10,AI10+1) -> 14 | AK10: =IF(IF(M10-ROUND(POISSON(AJ10,L10,TRUE),2)>VLOOKUP(D10,Parameters!$F$1:$G$4,2,FALSE),"Re-calculate", "OK")="OK",AJ10,AJ10+1) -> 14 | AL10: =IF(IF(M10-ROUND(POISSON(AK10,L10,TRUE),2)>VLOOKUP(D10,Parameters!$F$1:$G$4,2,FALSE),"Re-calculate", "OK")="OK",AK10,AK10+1) -> 14 | AM10: =IF(IF(M10-ROUND(POISSON(AL10,L10,TRUE),2)>VLOOKUP(D10,Parameters!$F$1:$G$4,2,FALSE),"Re-calculate", "OK")="OK",AL10,AL10+1) -> 14 | AN10: =IF(IF(M10-ROUND(POISSON(AM10,L10,TRUE),2)>VLOOKUP(D10,Parameters!$F$1:$G$4,2,FALSE),"Re-calculate", "OK")="OK",AM10,AM10+1) -> 14 | AO10: =IF(IF(M10-ROUND(POISSON(AN10,L10,TRUE),2)>VLOOKUP(D10,Parameters!$F$1:$G$4,2,FALSE),"Re-calculate", "OK")="OK",AN10,AN10+1) -> 14 | AP10: =IF(IF(M10-ROUND(POISSON(AO10,L10,TRUE),2)>VLOOKUP(D10,Parameters!$F$1:$G$4,2,FALSE),"Re-calculate", "OK")="OK",AO10,AO10+1) -> 14 | AQ10: =IF(IF(M10-ROUND(POISSON(AP10,L10,TRUE),2)>VLOOKUP(D10,Parameters!$F$1:$G$4,2,FALSE),"Re-calculate", "OK")="OK",AP10,AP10+1) -> 14 | AR10: =IF(IF(M10-ROUND(POISSON(AQ10,L10,TRUE),2)>VLOOKUP(D10,Parameters!$F$1:$G$4,2,FALSE),"Re-calculate", "OK")="OK",AQ10,AQ10+1) -> 14 | AS10: =IF(IF(M10-ROUND(POISSON(AR10,L10,TRUE),2)>VLOOKUP(D10,Parameters!$F$1:$G$4,2,FALSE),"Re-calculate", "OK")="OK",AR10,AR10+1) -> 14 | AT10: =IF(IF(M10-ROUND(POISSON(AS10,L10,TRUE),2)>VLOOKUP(D10,Parameters!$F$1:$G$4,2,FALSE),"Re-calculate", "OK")="OK",AS10,AS10+1) -> 14 | AU10: =IF(IF(M10-ROUND(POISSON(AT10,L10,TRUE),2)>VLOOKUP(D10,Parameters!$F$1:$G$4,2,FALSE),"Re-calculate", "OK")="OK",AT10,AT10+1) -> 14 | AV10: =IF(IF(M10-ROUND(POISSON(AU10,L10,TRUE),2)>VLOOKUP(D10,Parameters!$F$1:$G$4,2,FALSE),"Re-calculate", "OK")="OK",AU10,AU10+1) -> 14 | AW10: =IF(IF(M10-ROUND(POISSON(AV10,L10,TRUE),2)>VLOOKUP(D10,Parameters!$F$1:$G$4,2,FALSE),"Re-calculate", "OK")="OK",AV10,AV10+1) -> 14 | AX10: =IF(IF(M10-ROUND(POISSON(AW10,L10,TRUE),2)>VLOOKUP(D10,Parameters!$F$1:$G$4,2,FALSE),"Re-calculate", "OK")="OK",AW10,AW10+1) -> 14 | AY10: =IF(IF(M10-ROUND(POISSON(AX10,L10,TRUE),2)>VLOOKUP(D10,Parameters!$F$1:$G$4,2,FALSE),"Re-calculate", "OK")="OK",AX10,AX10+1) -> 14 | AZ10: =IF(IF(M10-ROUND(POISSON(AY10,L10,TRUE),2)>VLOOKUP(D10,Parameters!$F$1:$G$4,2,FALSE),"Re-calculate", "OK")="OK",AY10,AY10+1) -> 14 | BA10: =IF(IF(M10-ROUND(POISSON(AZ10,L10,TRUE),2)>VLOOKUP(D10,Parameters!$F$1:$G$4,2,FALSE),"Re-calculate", "OK")="OK",AZ10,AZ10+1) -> 14 | BB10: =IF(IF(M10-ROUND(POISSON(BA10,L10,TRUE),2)>VLOOKUP(D10,Parameters!$F$1:$G$4,2,FALSE),"Re-calculate", "OK")="OK",BA10,BA10+1) -> 14 | BC10: =IF(IF(M10-ROUND(POISSON(BB10,L10,TRUE),2)>VLOOKUP(D10,Parameters!$F$1:$G$4,2,FALSE),"Re-calculate", "OK")="OK",BB10,BB10+1) -> 14 | BD10: =IF(IF(M10-ROUND(POISSON(BC10,L10,TRUE),2)>VLOOKUP(D10,Parameters!$F$1:$G$4,2,FALSE),"Re-calculate", "OK")="OK",BC10,BC10+1) -> 14 | BE10: =IF(IF(M10-ROUND(POISSON(BD10,L10,TRUE),2)>VLOOKUP(D10,Parameters!$F$1:$G$4,2,FALSE),"Re-calculate", "OK")="OK",BD10,BD10+1) -> 14 | BF10: =POISSON(BE10,L10,TRUE) -> 0.94125526 | BG10: =ROUND(M10-BF10, 2) -> -0.03 | BH10: =IF(BG10>VLOOKUP(D10,Parameters!$F$1:$G$4,2,FALSE),"Re-Calculate","OK") -> OK | BI10: =IF(D10=1,L10," ") | BJ10: =IF(D10=2,L10," ") | BK10: =IF(D10=3,L10," ") -> 9.47 | BM10: =IF(D10=1,L10*BF10," ") | BN10: =IF(D10=2,L10*BF10," ") | BO10: =IF(D10=3,L10*BF10," ") -> 8.9136873 | BQ10: =IF(D10=1,K10," ") | BR10: =IF(D10=2,K10," ") | BS10: =IF(D10=3,K10," ") -> 72 | BU10: =IF(D10=1,K10*BF10," ") | BV10: =IF(D10=2,K10*BF10," ") | BW10: =IF(D10=3,K10*BF10," ") -> 67.770379
A11: Z212H0009110 | B11: 4000 | C11: 2 | D11: 3 | E11: 1 | F11: 30000 | G11: 0 | H11: 4550 | I11: 60 | J11: 48 | K11: =B11*' PROVISIONING Model'!I11*' PROVISIONING Model'!E11/(' PROVISIONING Model'!F11*POWER(10,' PROVISIONING Model'!G11)) -> 8 | L11: =ROUND(K11*J11/365,2) -> 1.05 | M11: =VLOOKUP(D11,Parameters!$B$9:$C$11,2,FALSE) -> 0.91 | N11: =VLOOKUP(D11,Parameters!$B$9:$D$11,3,FALSE) -> 0.1 | O11: =IF(K11>N11,"Yes","No") -> Yes | P11: =IF(O11="Yes",IF(M11-ROUND(VLOOKUP(L11,'Poisson Distribution Table'!$A$4:$AO$2934,2,FALSE),2)>VLOOKUP(D11,Parameters!$F$1:$G$4,2,FALSE),1,0),0) -> 1 | Q11: =IF(M11-ROUND(POISSON(IF(O11="Yes",IF(M11-ROUND(VLOOKUP(L11,'Poisson Distribution Table'!$A$4:$AO$2934,2,FALSE),2)>VLOOKUP(D11,Parameters!$F$1:$G$4,2,FALSE),1,0),0),L11,TRUE),2)>VLOOKUP(D11,Parameters!$F$1:$G$4,2,FALSE),P11+1,P11) -> 2 | R11: =IF(IF(M11-ROUND(POISSON(Q11,L11,TRUE),2)>VLOOKUP(D11,Parameters!$F$1:$G$4,2,FALSE),"Re-calculate", "OK")="OK",Q11,Q11+1) -> 2 | S11: =IF(IF(M11-ROUND(POISSON(IF(IF(M11-ROUND(POISSON(Q11,L11,TRUE),2)>VLOOKUP(D11,Parameters!$F$1:$G$4,2,FALSE),"Re-calculate", "OK")="OK",Q11,Q11+1),L11,TRUE),2)>VLOOKUP(D11,Parameters!$F$1:$G$4,2,FALSE),"Re-calculate", "OK")="OK",R11,R11+1) -> 2 | T11: =IF(IF(M11-ROUND(POISSON(S11,L11,TRUE),2)>VLOOKUP(D11,Parameters!$F$1:$G$4,2,FALSE),"Re-calculate", "OK")="OK",S11,S11+1) -> 2 | U11: =IF(IF(M11-ROUND(POISSON(IF(IF(M11-ROUND(POISSON(S11,L11,TRUE),2)>VLOOKUP(D11,Parameters!$F$1:$G$4,2,FALSE),"Re-calculate", "OK")="OK",S11,S11+1),L11,TRUE),2)>VLOOKUP(D11,Parameters!$F$1:$G$4,2,FALSE),"Re-calculate", "OK")="OK",T11,T11+1) -> 2 | V11: =IF(IF(M11-ROUND(POISSON(U11,L11,TRUE),2)>VLOOKUP(D11,Parameters!$F$1:$G$4,2,FALSE),"Re-calculate", "OK")="OK",U11,U11+1) -> 2 | W11: =IF(IF(M11-ROUND(POISSON(IF(IF(M11-ROUND(POISSON(U11,L11,TRUE),2)>VLOOKUP(D11,Parameters!$F$1:$G$4,2,FALSE),"Re-calculate", "OK")="OK",U11,U11+1),L11,TRUE),2)>VLOOKUP(D11,Parameters!$F$1:$G$4,2,FALSE),"Re-calculate", "OK")="OK",V11,V11+1) -> 2 | X11: =IF(IF(M11-ROUND(POISSON(W11,L11,TRUE),2)>VLOOKUP(D11,Parameters!$F$1:$G$4,2,FALSE),"Re-calculate", "OK")="OK",W11,W11+1) -> 2 | Y11: =IF(IF(M11-ROUND(POISSON(X11,L11,TRUE),2)>VLOOKUP(D11,Parameters!$F$1:$G$4,2,FALSE),"Re-calculate", "OK")="OK",X11,X11+1) -> 2 | Z11: =IF(IF(M11-ROUND(POISSON(Y11,L11,TRUE),2)>VLOOKUP(D11,Parameters!$F$1:$G$4,2,FALSE),"Re-calculate", "OK")="OK",Y11,Y11+1) -> 2 | AA11: =IF(IF(M11-ROUND(POISSON(Z11,L11,TRUE),2)>VLOOKUP(D11,Parameters!$F$1:$G$4,2,FALSE),"Re-calculate", "OK")="OK",Z11,Z11+1) -> 2 | AB11: =IF(IF(M11-ROUND(POISSON(AA11,L11,TRUE),2)>VLOOKUP(D11,Parameters!$F$1:$G$4,2,FALSE),"Re-calculate", "OK")="OK",AA11,AA11+1) -> 2 | AC11: =IF(IF(M11-ROUND(POISSON(AB11,L11,TRUE),2)>VLOOKUP(D11,Parameters!$F$1:$G$4,2,FALSE),"Re-calculate", "OK")="OK",AB11,AB11+1) -> 2 | AD11: =IF(IF(M11-ROUND(POISSON(AC11,L11,TRUE),2)>VLOOKUP(D11,Parameters!$F$1:$G$4,2,FALSE),"Re-calculate", "OK")="OK",AC11,AC11+1) -> 2 | AE11: =IF(IF(M11-ROUND(POISSON(AD11,L11,TRUE),2)>VLOOKUP(D11,Parameters!$F$1:$G$4,2,FALSE),"Re-calculate", "OK")="OK",AD11,AD11+1) -> 2 | AF11: =IF(IF(M11-ROUND(POISSON(AE11,L11,TRUE),2)>VLOOKUP(D11,Parameters!$F$1:$G$4,2,FALSE),"Re-calculate", "OK")="OK",AE11,AE11+1) -> 2 | AG11: =IF(IF(M11-ROUND(POISSON(AF11,L11,TRUE),2)>VLOOKUP(D11,Parameters!$F$1:$G$4,2,FALSE),"Re-calculate", "OK")="OK",AF11,AF11+1) -> 2 | AH11: =IF(IF(M11-ROUND(POISSON(AG11,L11,TRUE),2)>VLOOKUP(D11,Parameters!$F$1:$G$4,2,FALSE),"Re-calculate", "OK")="OK",AG11,AG11+1) -> 2 | AI11: =IF(IF(M11-ROUND(POISSON(AH11,L11,TRUE),2)>VLOOKUP(D11,Parameters!$F$1:$G$4,2,FALSE),"Re-calculate", "OK")="OK",AH11,AH11+1) -> 2 | AJ11: =IF(IF(M11-ROUND(POISSON(AI11,L11,TRUE),2)>VLOOKUP(D11,Parameters!$F$1:$G$4,2,FALSE),"Re-calculate", "OK")="OK",AI11,AI11+1) -> 2 | AK11: =IF(IF(M11-ROUND(POISSON(AJ11,L11,TRUE),2)>VLOOKUP(D11,Parameters!$F$1:$G$4,2,FALSE),"Re-calculate", "OK")="OK",AJ11,AJ11+1) -> 2 | AL11: =IF(IF(M11-ROUND(POISSON(AK11,L11,TRUE),2)>VLOOKUP(D11,Parameters!$F$1:$G$4,2,FALSE),"Re-calculate", "OK")="OK",AK11,AK11+1) -> 2 | AM11: =IF(IF(M11-ROUND(POISSON(AL11,L11,TRUE),2)>VLOOKUP(D11,Parameters!$F$1:$G$4,2,FALSE),"Re-calculate", "OK")="OK",AL11,AL11+1) -> 2 | AN11: =IF(IF(M11-ROUND(POISSON(AM11,L11,TRUE),2)>VLOOKUP(D11,Parameters!$F$1:$G$4,2,FALSE),"Re-calculate", "OK")="OK",AM11,AM11+1) -> 2 | AO11: =IF(IF(M11-ROUND(POISSON(AN11,L11,TRUE),2)>VLOOKUP(D11,Parameters!$F$1:$G$4,2,FALSE),"Re-calculate", "OK")="OK",AN11,AN11+1) -> 2 | AP11: =IF(IF(M11-ROUND(POISSON(AO11,L11,TRUE),2)>VLOOKUP(D11,Parameters!$F$1:$G$4,2,FALSE),"Re-calculate", "OK")="OK",AO11,AO11+1) -> 2 | AQ11: =IF(IF(M11-ROUND(POISSON(AP11,L11,TRUE),2)>VLOOKUP(D11,Parameters!$F$1:$G$4,2,FALSE),"Re-calculate", "OK")="OK",AP11,AP11+1) -> 2 | AR11: =IF(IF(M11-ROUND(POISSON(AQ11,L11,TRUE),2)>VLOOKUP(D11,Parameters!$F$1:$G$4,2,FALSE),"Re-calculate", "OK")="OK",AQ11,AQ11+1) -> 2 | AS11: =IF(IF(M11-ROUND(POISSON(AR11,L11,TRUE),2)>VLOOKUP(D11,Parameters!$F$1:$G$4,2,FALSE),"Re-calculate", "OK")="OK",AR11,AR11+1) -> 2 | AT11: =IF(IF(M11-ROUND(POISSON(AS11,L11,TRUE),2)>VLOOKUP(D11,Parameters!$F$1:$G$4,2,FALSE),"Re-calculate", "OK")="OK",AS11,AS11+1) -> 2 | AU11: =IF(IF(M11-ROUND(POISSON(AT11,L11,TRUE),2)>VLOOKUP(D11,Parameters!$F$1:$G$4,2,FALSE),"Re-calculate", "OK")="OK",AT11,AT11+1) -> 2 | AV11: =IF(IF(M11-ROUND(POISSON(AU11,L11,TRUE),2)>VLOOKUP(D11,Parameters!$F$1:$G$4,2,FALSE),"Re-calculate", "OK")="OK",AU11,AU11+1) -> 2 | AW11: =IF(IF(M11-ROUND(POISSON(AV11,L11,TRUE),2)>VLOOKUP(D11,Parameters!$F$1:$G$4,2,FALSE),"Re-calculate", "OK")="OK",AV11,AV11+1) -> 2 | AX11: =IF(IF(M11-ROUND(POISSON(AW11,L11,TRUE),2)>VLOOKUP(D11,Parameters!$F$1:$G$4,2,FALSE),"Re-calculate", "OK")="OK",AW11,AW11+1) -> 2 | AY11: =IF(IF(M11-ROUND(POISSON(AX11,L11,TRUE),2)>VLOOKUP(D11,Parameters!$F$1:$G$4,2,FALSE),"Re-calculate", "OK")="OK",AX11,AX11+1) -> 2 | AZ11: =IF(IF(M11-ROUND(POISSON(AY11,L11,TRUE),2)>VLOOKUP(D11,Parameters!$F$1:$G$4,2,FALSE),"Re-calculate", "OK")="OK",AY11,AY11+1) -> 2 | BA11: =IF(IF(M11-ROUND(POISSON(AZ11,L11,TRUE),2)>VLOOKUP(D11,Parameters!$F$1:$G$4,2,FALSE),"Re-calculate", "OK")="OK",AZ11,AZ11+1) -> 2 | BB11: =IF(IF(M11-ROUND(POISSON(BA11,L11,TRUE),2)>VLOOKUP(D11,Parameters!$F$1:$G$4,2,FALSE),"Re-calculate", "OK")="OK",BA11,BA11+1) -> 2 | BC11: =IF(IF(M11-ROUND(POISSON(BB11,L11,TRUE),2)>VLOOKUP(D11,Parameters!$F$1:$G$4,2,FALSE),"Re-calculate", "OK")="OK",BB11,BB11+1) -> 2 | BD11: =IF(IF(M11-ROUND(POISSON(BC11,L11,TRUE),2)>VLOOKUP(D11,Parameters!$F$1:$G$4,2,FALSE),"Re-calculate", "OK")="OK",BC11,BC11+1) -> 2 | BE11: =IF(IF(M11-ROUND(POISSON(BD11,L11,TRUE),2)>VLOOKUP(D11,Parameters!$F$1:$G$4,2,FALSE),"Re-calculate", "OK")="OK",BD11,BD11+1) -> 2 | BF11: =POISSON(BE11,L11,TRUE) -> 0.91027557 | BG11: =ROUND(M11-BF11, 2) -> 0 | BH11: =IF(BG11>VLOOKUP(D11,Parameters!$F$1:$G$4,2,FALSE),"Re-Calculate","OK") -> OK | BI11: =IF(D11=1,L11," ") | BJ11: =IF(D11=2,L11," ") | BK11: =IF(D11=3,L11," ") -> 1.05 | BM11: =IF(D11=1,L11*BF11," ") | BN11: =IF(D11=2,L11*BF11," ") | BO11: =IF(D11=3,L11*BF11," ") -> 0.95578935 | BQ11: =IF(D11=1,K11," ") | BR11: =IF(D11=2,K11," ") | BS11: =IF(D11=3,K11," ") -> 8 | BU11: =IF(D11=1,K11*BF11," ") | BV11: =IF(D11=2,K11*BF11," ") | BW11: =IF(D11=3,K11*BF11," ") -> 7.2822046
A12: Z213H0101111 | B12: 4000 | C12: 2 | D12: 3 | E12: 4 | F12: 30000 | G12: 0 | H12: 8990 | I12: 60 | J12: 48 | K12: =B12*' PROVISIONING Model'!I12*' PROVISIONING Model'!E12/(' PROVISIONING Model'!F12*POWER(10,' PROVISIONING Model'!G12)) -> 32 | L12: =ROUND(K12*J12/365,2) -> 4.21 | M12: =VLOOKUP(D12,Parameters!$B$9:$C$11,2,FALSE) -> 0.91 | N12: =VLOOKUP(D12,Parameters!$B$9:$D$11,3,FALSE) -> 0.1 | O12: =IF(K12>N12,"Yes","No") -> Yes | P12: =IF(O12="Yes",IF(M12-ROUND(VLOOKUP(L12,'Poisson Distribution Table'!$A$4:$AO$2934,2,FALSE),2)>VLOOKUP(D12,Parameters!$F$1:$G$4,2,FALSE),1,0),0) -> 1 | Q12: =IF(M12-ROUND(POISSON(IF(O12="Yes",IF(M12-ROUND(VLOOKUP(L12,'Poisson Distribution Table'!$A$4:$AO$2934,2,FALSE),2)>VLOOKUP(D12,Parameters!$F$1:$G$4,2,FALSE),1,0),0),L12,TRUE),2)>VLOOKUP(D12,Parameters!$F$1:$G$4,2,FALSE),P12+1,P12) -> 2 | R12: =IF(IF(M12-ROUND(POISSON(Q12,L12,TRUE),2)>VLOOKUP(D12,Parameters!$F$1:$G$4,2,FALSE),"Re-calculate", "OK")="OK",Q12,Q12+1) -> 3 | S12: =IF(IF(M12-ROUND(POISSON(IF(IF(M12-ROUND(POISSON(Q12,L12,TRUE),2)>VLOOKUP(D12,Parameters!$F$1:$G$4,2,FALSE),"Re-calculate", "OK")="OK",Q12,Q12+1),L12,TRUE),2)>VLOOKUP(D12,Parameters!$F$1:$G$4,2,FALSE),"Re-calculate", "OK")="OK",R12,R12+1) -> 4 | T12: =IF(IF(M12-ROUND(POISSON(S12,L12,TRUE),2)>VLOOKUP(D12,Parameters!$F$1:$G$4,2,FALSE),"Re-calculate", "OK")="OK",S12,S12+1) -> 5 | U12: =IF(IF(M12-ROUND(POISSON(IF(IF(M12-ROUND(POISSON(S12,L12,TRUE),2)>VLOOKUP(D12,Parameters!$F$1:$G$4,2,FALSE),"Re-calculate", "OK")="OK",S12,S12+1),L12,TRUE),2)>VLOOKUP(D12,Parameters!$F$1:$G$4,2,FALSE),"Re-calculate", "OK")="OK",T12,T12+1) -> 6 | V12: =IF(IF(M12-ROUND(POISSON(U12,L12,TRUE),2)>VLOOKUP(D12,Parameters!$F$1:$G$4,2,FALSE),"Re-calculate", "OK")="OK",U12,U12+1) -> 7 | W12: =IF(IF(M12-ROUND(POISSON(IF(IF(M12-ROUND(POISSON(U12,L12,TRUE),2)>VLOOKUP(D12,Parameters!$F$1:$G$4,2,FALSE),"Re-calculate", "OK")="OK",U12,U12+1),L12,TRUE),2)>VLOOKUP(D12,Parameters!$F$1:$G$4,2,FALSE),"Re-calculate", "OK")="OK",V12,V12+1) -> 7 | X12: =IF(IF(M12-ROUND(POISSON(W12,L12,TRUE),2)>VLOOKUP(D12,Parameters!$F$1:$G$4,2,FALSE),"Re-calculate", "OK")="OK",W12,W12+1) -> 7 | Y12: =IF(IF(M12-ROUND(POISSON(X12,L12,TRUE),2)>VLOOKUP(D12,Parameters!$F$1:$G$4,2,FALSE),"Re-calculate", "OK")="OK",X12,X12+1) -> 7 | Z12: =IF(IF(M12-ROUND(POISSON(Y12,L12,TRUE),2)>VLOOKUP(D12,Parameters!$F$1:$G$4,2,FALSE),"Re-calculate", "OK")="OK",Y12,Y12+1) -> 7 | AA12: =IF(IF(M12-ROUND(POISSON(Z12,L12,TRUE),2)>VLOOKUP(D12,Parameters!$F$1:$G$4,2,FALSE),"Re-calculate", "OK")="OK",Z12,Z12+1) -> 7 | AB12: =IF(IF(M12-ROUND(POISSON(AA12,L12,TRUE),2)>VLOOKUP(D12,Parameters!$F$1:$G$4,2,FALSE),"Re-calculate", "OK")="OK",AA12,AA12+1) -> 7 | AC12: =IF(IF(M12-ROUND(POISSON(AB12,L12,TRUE),2)>VLOOKUP(D12,Parameters!$F$1:$G$4,2,FALSE),"Re-calculate", "OK")="OK",AB12,AB12+1) -> 7 | AD12: =IF(IF(M12-ROUND(POISSON(AC12,L12,TRUE),2)>VLOOKUP(D12,Parameters!$F$1:$G$4,2,FALSE),"Re-calculate", "OK")="OK",AC12,AC12+1) -> 7 | AE12: =IF(IF(M12-ROUND(POISSON(AD12,L12,TRUE),2)>VLOOKUP(D12,Parameters!$F$1:$G$4,2,FALSE),"Re-calculate", "OK")="OK",AD12,AD12+1) -> 7 | AF12: =IF(IF(M12-ROUND(POISSON(AE12,L12,TRUE),2)>VLOOKUP(D12,Parameters!$F$1:$G$4,2,FALSE),"Re-calculate", "OK")="OK",AE12,AE12+1) -> 7 | AG12: =IF(IF(M12-ROUND(POISSON(AF12,L12,TRUE),2)>VLOOKUP(D12,Parameters!$F$1:$G$4,2,FALSE),"Re-calculate", "OK")="OK",AF12,AF12+1) -> 7 | AH12: =IF(IF(M12-ROUND(POISSON(AG12,L12,TRUE),2)>VLOOKUP(D12,Parameters!$F$1:$G$4,2,FALSE),"Re-calculate", "OK")="OK",AG12,AG12+1) -> 7 | AI12: =IF(IF(M12-ROUND(POISSON(AH12,L12,TRUE),2)>VLOOKUP(D12,Parameters!$F$1:$G$4,2,FALSE),"Re-calculate", "OK")="OK",AH12,AH12+1) -> 7 | AJ12: =IF(IF(M12-ROUND(POISSON(AI12,L12,TRUE),2)>VLOOKUP(D12,Parameters!$F$1:$G$4,2,FALSE),"Re-calculate", "OK")="OK",AI12,AI12+1) -> 7 | AK12: =IF(IF(M12-ROUND(POISSON(AJ12,L12,TRUE),2)>VLOOKUP(D12,Parameters!$F$1:$G$4,2,FALSE),"Re-calculate", "OK")="OK",AJ12,AJ12+1) -> 7 | AL12: =IF(IF(M12-ROUND(POISSON(AK12,L12,TRUE),2)>VLOOKUP(D12,Parameters!$F$1:$G$4,2,FALSE),"Re-calculate", "OK")="OK",AK12,AK12+1) -> 7 | AM12: =IF(IF(M12-ROUND(POISSON(AL12,L12,TRUE),2)>VLOOKUP(D12,Parameters!$F$1:$G$4,2,FALSE),"Re-calculate", "OK")="OK",AL12,AL12+1) -> 7 | AN12: =IF(IF(M12-ROUND(POISSON(AM12,L12,TRUE),2)>VLOOKUP(D12,Parameters!$F$1:$G$4,2,FALSE),"Re-calculate", "OK")="OK",AM12,AM12+1) -> 7 | AO12: =IF(IF(M12-ROUND(POISSON(AN12,L12,TRUE),2)>VLOOKUP(D12,Parameters!$F$1:$G$4,2,FALSE),"Re-calculate", "OK")="OK",AN12,AN12+1) -> 7 | AP12: =IF(IF(M12-ROUND(POISSON(AO12,L12,TRUE),2)>VLOOKUP(D12,Parameters!$F$1:$G$4,2,FALSE),"Re-calculate", "OK")="OK",AO12,AO12+1) -> 7 | AQ12: =IF(IF(M12-ROUND(POISSON(AP12,L12,TRUE),2)>VLOOKUP(D12,Parameters!$F$1:$G$4,2,FALSE),"Re-calculate", "OK")="OK",AP12,AP12+1) -> 7 | AR12: =IF(IF(M12-ROUND(POISSON(AQ12,L12,TRUE),2)>VLOOKUP(D12,Parameters!$F$1:$G$4,2,FALSE),"Re-calculate", "OK")="OK",AQ12,AQ12+1) -> 7 | AS12: =IF(IF(M12-ROUND(POISSON(AR12,L12,TRUE),2)>VLOOKUP(D12,Parameters!$F$1:$G$4,2,FALSE),"Re-calculate", "OK")="OK",AR12,AR12+1) -> 7 | AT12: =IF(IF(M12-ROUND(POISSON(AS12,L12,TRUE),2)>VLOOKUP(D12,Parameters!$F$1:$G$4,2,FALSE),"Re-calculate", "OK")="OK",AS12,AS12+1) -> 7 | AU12: =IF(IF(M12-ROUND(POISSON(AT12,L12,TRUE),2)>VLOOKUP(D12,Parameters!$F$1:$G$4,2,FALSE),"Re-calculate", "OK")="OK",AT12,AT12+1) -> 7 | AV12: =IF(IF(M12-ROUND(POISSON(AU12,L12,TRUE),2)>VLOOKUP(D12,Parameters!$F$1:$G$4,2,FALSE),"Re-calculate", "OK")="OK",AU12,AU12+1) -> 7 | AW12: =IF(IF(M12-ROUND(POISSON(AV12,L12,TRUE),2)>VLOOKUP(D12,Parameters!$F$1:$G$4,2,FALSE),"Re-calculate", "OK")="OK",AV12,AV12+1) -> 7 | AX12: =IF(IF(M12-ROUND(POISSON(AW12,L12,TRUE),2)>VLOOKUP(D12,Parameters!$F$1:$G$4,2,FALSE),"Re-calculate", "OK")="OK",AW12,AW12+1) -> 7 | AY12: =IF(IF(M12-ROUND(POISSON(AX12,L12,TRUE),2)>VLOOKUP(D12,Parameters!$F$1:$G$4,2,FALSE),"Re-calculate", "OK")="OK",AX12,AX12+1) -> 7 | AZ12: =IF(IF(M12-ROUND(POISSON(AY12,L12,TRUE),2)>VLOOKUP(D12,Parameters!$F$1:$G$4,2,FALSE),"Re-calculate", "OK")="OK",AY12,AY12+1) -> 7 | BA12: =IF(IF(M12-ROUND(POISSON(AZ12,L12,TRUE),2)>VLOOKUP(D12,Parameters!$F$1:$G$4,2,FALSE),"Re-calculate", "OK")="OK",AZ12,AZ12+1) -> 7 | BB12: =IF(IF(M12-ROUND(POISSON(BA12,L12,TRUE),2)>VLOOKUP(D12,Parameters!$F$1:$G$4,2,FALSE),"Re-calculate", "OK")="OK",BA12,BA12+1) -> 7 | BC12: =IF(IF(M12-ROUND(POISSON(BB12,L12,TRUE),2)>VLOOKUP(D12,Parameters!$F$1:$G$4,2,FALSE),"Re-calculate", "OK")="OK",BB12,BB12+1) -> 7 | BD12: =IF(IF(M12-ROUND(POISSON(BC12,L12,TRUE),2)>VLOOKUP(D12,Parameters!$F$1:$G$4,2,FALSE),"Re-calculate", "OK")="OK",BC12,BC12+1) -> 7 | BE12: =IF(IF(M12-ROUND(POISSON(BD12,L12,TRUE),2)>VLOOKUP(D12,Parameters!$F$1:$G$4,2,FALSE),"Re-calculate", "OK")="OK",BD12,BD12+1) -> 7 | BF12: =POISSON(BE12,L12,TRUE) -> 0.93536845 | BG12: =ROUND(M12-BF12, 2) -> -0.03 | BH12: =IF(BG12>VLOOKUP(D12,Parameters!$F$1:$G$4,2,FALSE),"Re-Calculate","OK") -> OK | BI12: =IF(D12=1,L12," ") | BJ12: =IF(D12=2,L12," ") | BK12: =IF(D12=3,L12," ") -> 4.21 | BM12: =IF(D12=1,L12*BF12," ") | BN12: =IF(D12=2,L12*BF12," ") | BO12: =IF(D12=3,L12*BF12," ") -> 3.9379012 | BQ12: =IF(D12=1,K12," ") | BR12: =IF(D12=2,K12," ") | BS12: =IF(D12=3,K12," ") -> 32 | BU12: =IF(D12=1,K12*BF12," ") | BV12: =IF(D12=2,K12*BF12," ") | BW12: =IF(D12=3,K12*BF12," ") -> 29.93179
A13: Z233H0000110 | B13: 4000 | C13: 2 | D13: 3 | E13: 18 | F13: 75000 | G13: 0 | H13: 1124.21 | I13: 60 | J13: 48 | K13: =B13*' PROVISIONING Model'!I13*' PROVISIONING Model'!E13/(' PROVISIONING Model'!F13*POWER(10,' PROVISIONING Model'!G13)) -> 57.6 | L13: =ROUND(K13*J13/365,2) -> 7.57 | M13: =VLOOKUP(D13,Parameters!$B$9:$C$11,2,FALSE) -> 0.91 | N13: =VLOOKUP(D13,Parameters!$B$9:$D$11,3,FALSE) -> 0.1 | O13: =IF(K13>N13,"Yes","No") -> Yes | P13: =IF(O13="Yes",IF(M13-ROUND(VLOOKUP(L13,'Poisson Distribution Table'!$A$4:$AO$2934,2,FALSE),2)>VLOOKUP(D13,Parameters!$F$1:$G$4,2,FALSE),1,0),0) -> 1 | Q13: =IF(M13-ROUND(POISSON(IF(O13="Yes",IF(M13-ROUND(VLOOKUP(L13,'Poisson Distribution Table'!$A$4:$AO$2934,2,FALSE),2)>VLOOKUP(D13,Parameters!$F$1:$G$4,2,FALSE),1,0),0),L13,TRUE),2)>VLOOKUP(D13,Parameters!$F$1:$G$4,2,FALSE),P13+1,P13) -> 2 | R13: =IF(IF(M13-ROUND(POISSON(Q13,L13,TRUE),2)>VLOOKUP(D13,Parameters!$F$1:$G$4,2,FALSE),"Re-calculate", "OK")="OK",Q13,Q13+1) -> 3 | S13: =IF(IF(M13-ROUND(POISSON(IF(IF(M13-ROUND(POISSON(Q13,L13,TRUE),2)>VLOOKUP(D13,Parameters!$F$1:$G$4,2,FALSE),"Re-calculate", "OK")="OK",Q13,Q13+1),L13,TRUE),2)>VLOOKUP(D13,Parameters!$F$1:$G$4,2,FALSE),"Re-calculate", "OK")="OK",R13,R13+1) -> 4 | T13: =IF(IF(M13-ROUND(POISSON(S13,L13,TRUE),2)>VLOOKUP(D13,Parameters!$F$1:$G$4,2,FALSE),"Re-calculate", "OK")="OK",S13,S13+1) -> 5 | U13: =IF(IF(M13-ROUND(POISSON(IF(IF(M13-ROUND(POISSON(S13,L13,TRUE),2)>VLOOKUP(D13,Parameters!$F$1:$G$4,2,FALSE),"Re-calculate", "OK")="OK",S13,S13+1),L13,TRUE),2)>VLOOKUP(D13,Parameters!$F$1:$G$4,2,FALSE),"Re-calculate", "OK")="OK",T13,T13+1) -> 6 | V13: =IF(IF(M13-ROUND(POISSON(U13,L13,TRUE),2)>VLOOKUP(D13,Parameters!$F$1:$G$4,2,FALSE),"Re-calculate", "OK")="OK",U13,U13+1) -> 7 | W13: =IF(IF(M13-ROUND(POISSON(IF(IF(M13-ROUND(POISSON(U13,L13,TRUE),2)>VLOOKUP(D13,Parameters!$F$1:$G$4,2,FALSE),"Re-calculate", "OK")="OK",U13,U13+1),L13,TRUE),2)>VLOOKUP(D13,Parameters!$F$1:$G$4,2,FALSE),"Re-calculate", "OK")="OK",V13,V13+1) -> 8 | X13: =IF(IF(M13-ROUND(POISSON(W13,L13,TRUE),2)>VLOOKUP(D13,Parameters!$F$1:$G$4,2,FALSE),"Re-calculate", "OK")="OK",W13,W13+1) -> 9 | Y13: =IF(IF(M13-ROUND(POISSON(X13,L13,TRUE),2)>VLOOKUP(D13,Parameters!$F$1:$G$4,2,FALSE),"Re-calculate", "OK")="OK",X13,X13+1) -> 10 | Z13: =IF(IF(M13-ROUND(POISSON(Y13,L13,TRUE),2)>VLOOKUP(D13,Parameters!$F$1:$G$4,2,FALSE),"Re-calculate", "OK")="OK",Y13,Y13+1) -> 11 | AA13: =IF(IF(M13-ROUND(POISSON(Z13,L13,TRUE),2)>VLOOKUP(D13,Parameters!$F$1:$G$4,2,FALSE),"Re-calculate", "OK")="OK",Z13,Z13+1) -> 11 | AB13: =IF(IF(M13-ROUND(POISSON(AA13,L13,TRUE),2)>VLOOKUP(D13,Parameters!$F$1:$G$4,2,FALSE),"Re-calculate", "OK")="OK",AA13,AA13+1) -> 11 | AC13: =IF(IF(M13-ROUND(POISSON(AB13,L13,TRUE),2)>VLOOKUP(D13,Parameters!$F$1:$G$4,2,FALSE),"Re-calculate", "OK")="OK",AB13,AB13+1) -> 11 | AD13: =IF(IF(M13-ROUND(POISSON(AC13,L13,TRUE),2)>VLOOKUP(D13,Parameters!$F$1:$G$4,2,FALSE),"Re-calculate", "OK")="OK",AC13,AC13+1) -> 11 | AE13: =IF(IF(M13-ROUND(POISSON(AD13,L13,TRUE),2)>VLOOKUP(D13,Parameters!$F$1:$G$4,2,FALSE),"Re-calculate", "OK")="OK",AD13,AD13+1) -> 11 | AF13: =IF(IF(M13-ROUND(POISSON(AE13,L13,TRUE),2)>VLOOKUP(D13,Parameters!$F$1:$G$4,2,FALSE),"Re-calculate", "OK")="OK",AE13,AE13+1) -> 11 | AG13: =IF(IF(M13-ROUND(POISSON(AF13,L13,TRUE),2)>VLOOKUP(D13,Parameters!$F$1:$G$4,2,FALSE),"Re-calculate", "OK")="OK",AF13,AF13+1) -> 11 | AH13: =IF(IF(M13-ROUND(POISSON(AG13,L13,TRUE),2)>VLOOKUP(D13,Parameters!$F$1:$G$4,2,FALSE),"Re-calculate", "OK")="OK",AG13,AG13+1) -> 11 | AI13: =IF(IF(M13-ROUND(POISSON(AH13,L13,TRUE),2)>VLOOKUP(D13,Parameters!$F$1:$G$4,2,FALSE),"Re-calculate", "OK")="OK",AH13,AH13+1) -> 11 | AJ13: =IF(IF(M13-ROUND(POISSON(AI13,L13,TRUE),2)>VLOOKUP(D13,Parameters!$F$1:$G$4,2,FALSE),"Re-calculate", "OK")="OK",AI13,AI13+1) -> 11 | AK13: =IF(IF(M13-ROUND(POISSON(AJ13,L13,TRUE),2)>VLOOKUP(D13,Parameters!$F$1:$G$4,2,FALSE),"Re-calculate", "OK")="OK",AJ13,AJ13+1) -> 11 | AL13: =IF(IF(M13-ROUND(POISSON(AK13,L13,TRUE),2)>VLOOKUP(D13,Parameters!$F$1:$G$4,2,FALSE),"Re-calculate", "OK")="OK",AK13,AK13+1) -> 11 | AM13: =IF(IF(M13-ROUND(POISSON(AL13,L13,TRUE),2)>VLOOKUP(D13,Parameters!$F$1:$G$4,2,FALSE),"Re-calculate", "OK")="OK",AL13,AL13+1) -> 11 | AN13: =IF(IF(M13-ROUND(POISSON(AM13,L13,TRUE),2)>VLOOKUP(D13,Parameters!$F$1:$G$4,2,FALSE),"Re-calculate", "OK")="OK",AM13,AM13+1) -> 11 | AO13: =IF(IF(M13-ROUND(POISSON(AN13,L13,TRUE),2)>VLOOKUP(D13,Parameters!$F$1:$G$4,2,FALSE),"Re-calculate", "OK")="OK",AN13,AN13+1) -> 11 | AP13: =IF(IF(M13-ROUND(POISSON(AO13,L13,TRUE),2)>VLOOKUP(D13,Parameters!$F$1:$G$4,2,FALSE),"Re-calculate", "OK")="OK",AO13,AO13+1) -> 11 | AQ13: =IF(IF(M13-ROUND(POISSON(AP13,L13,TRUE),2)>VLOOKUP(D13,Parameters!$F$1:$G$4,2,FALSE),"Re-calculate", "OK")="OK",AP13,AP13+1) -> 11 | AR13: =IF(IF(M13-ROUND(POISSON(AQ13,L13,TRUE),2)>VLOOKUP(D13,Parameters!$F$1:$G$4,2,FALSE),"Re-calculate", "OK")="OK",AQ13,AQ13+1) -> 11 | AS13: =IF(IF(M13-ROUND(POISSON(AR13,L13,TRUE),2)>VLOOKUP(D13,Parameters!$F$1:$G$4,2,FALSE),"Re-calculate", "OK")="OK",AR13,AR13+1) -> 11 | AT13: =IF(IF(M13-ROUND(POISSON(AS13,L13,TRUE),2)>VLOOKUP(D13,Parameters!$F$1:$G$4,2,FALSE),"Re-calculate", "OK")="OK",AS13,AS13+1) -> 11 | AU13: =IF(IF(M13-ROUND(POISSON(AT13,L13,TRUE),2)>VLOOKUP(D13,Parameters!$F$1:$G$4,2,FALSE),"Re-calculate", "OK")="OK",AT13,AT13+1) -> 11 | AV13: =IF(IF(M13-ROUND(POISSON(AU13,L13,TRUE),2)>VLOOKUP(D13,Parameters!$F$1:$G$4,2,FALSE),"Re-calculate", "OK")="OK",AU13,AU13+1) -> 11 | AW13: =IF(IF(M13-ROUND(POISSON(AV13,L13,TRUE),2)>VLOOKUP(D13,Parameters!$F$1:$G$4,2,FALSE),"Re-calculate", "OK")="OK",AV13,AV13+1) -> 11 | AX13: =IF(IF(M13-ROUND(POISSON(AW13,L13,TRUE),2)>VLOOKUP(D13,Parameters!$F$1:$G$4,2,FALSE),"Re-calculate", "OK")="OK",AW13,AW13+1) -> 11 | AY13: =IF(IF(M13-ROUND(POISSON(AX13,L13,TRUE),2)>VLOOKUP(D13,Parameters!$F$1:$G$4,2,FALSE),"Re-calculate", "OK")="OK",AX13,AX13+1) -> 11 | AZ13: =IF(IF(M13-ROUND(POISSON(AY13,L13,TRUE),2)>VLOOKUP(D13,Parameters!$F$1:$G$4,2,FALSE),"Re-calculate", "OK")="OK",AY13,AY13+1) -> 11 | BA13: =IF(IF(M13-ROUND(POISSON(AZ13,L13,TRUE),2)>VLOOKUP(D13,Parameters!$F$1:$G$4,2,FALSE),"Re-calculate", "OK")="OK",AZ13,AZ13+1) -> 11 | BB13: =IF(IF(M13-ROUND(POISSON(BA13,L13,TRUE),2)>VLOOKUP(D13,Parameters!$F$1:$G$4,2,FALSE),"Re-calculate", "OK")="OK",BA13,BA13+1) -> 11 | BC13: =IF(IF(M13-ROUND(POISSON(BB13,L13,TRUE),2)>VLOOKUP(D13,Parameters!$F$1:$G$4,2,FALSE),"Re-calculate", "OK")="OK",BB13,BB13+1) -> 11 | BD13: =IF(IF(M13-ROUND(POISSON(BC13,L13,TRUE),2)>VLOOKUP(D13,Parameters!$F$1:$G$4,2,FALSE),"Re-calculate", "OK")="OK",BC13,BC13+1) -> 11 | BE13: =IF(IF(M13-ROUND(POISSON(BD13,L13,TRUE),2)>VLOOKUP(D13,Parameters!$F$1:$G$4,2,FALSE),"Re-calculate", "OK")="OK",BD13,BD13+1) -> 11 | BF13: =POISSON(BE13,L13,TRUE) -> 0.91659527 | BG13: =ROUND(M13-BF13, 2) -> -0.01 | BH13: =IF(BG13>VLOOKUP(D13,Parameters!$F$1:$G$4,2,FALSE),"Re-Calculate","OK") -> OK | BI13: =IF(D13=1,L13," ") | BJ13: =IF(D13=2,L13," ") | BK13: =IF(D13=3,L13," ") -> 7.57 | BM13: =IF(D13=1,L13*BF13," ") | BN13: =IF(D13=2,L13*BF13," ") | BO13: =IF(D13=3,L13*BF13," ") -> 6.9386262 | BQ13: =IF(D13=1,K13," ") | BR13: =IF(D13=2,K13," ") | BS13: =IF(D13=3,K13," ") -> 57.6 | BU13: =IF(D13=1,K13*BF13," ") | BV13: =IF(D13=2,K13*BF13," ") | BW13: =IF(D13=3,K13*BF13," ") -> 52.795887
... A282: RCF6717 | B282: 4000 | C282: 2 | D282: 1 | E282: 2 | F282: 18750 | G282: 0 | H282: 9474.51 | I282: 60 | J282: 32 | K282: =B282*' PROVISIONING Model'!I282*' PROVISIONING Model'!E282/(' PROVISIONING Model'!F282*POWER(10,' PROVISIONING Model'!G282)) -> 25.6 | L282: =ROUND(K282*J282/365,2) -> 2.24 | M282: =VLOOKUP(D282,Parameters!$B$9:$C$11,2,FALSE) -> 0.98 | N282: =VLOOKUP(D282,Parameters!$B$9:$D$11,3,FALSE) -> 0.1 | O282: =IF(K282>N282,"Yes","No") -> Yes | P282: =IF(O282="Yes",IF(M282-ROUND(VLOOKUP(L282,'Poisson Distribution Table'!$A$4:$AO$2934,2,FALSE),2)>VLOOKUP(D282,Parameters!$F$1:$G$4,2,FALSE),1,0),0) -> 1 | Q282: =IF(M282-ROUND(POISSON(IF(O282="Yes",IF(M282-ROUND(VLOOKUP(L282,'Poisson Distribution Table'!$A$4:$AO$2934,2,FALSE),2)>VLOOKUP(D282,Parameters!$F$1:$G$4,2,FALSE),1,0),0),L282,TRUE),2)>VLOOKUP(D282,Parameters!$F$1:$G$4,2,FALSE),P282+1,P282) -> 2 | R282: =IF(IF(M282-ROUND(POISSON(Q282,L282,TRUE),2)>VLOOKUP(D282,Parameters!$F$1:$G$4,2,FALSE),"Re-calculate", "OK")="OK",Q282,Q282+1) -> 3 | S282: =IF(IF(M282-ROUND(POISSON(IF(IF(M282-ROUND(POISSON(Q282,L282,TRUE),2)>VLOOKUP(D282,Parameters!$F$1:$G$4,2,FALSE),"Re-calculate", "OK")="OK",Q282,Q282+1),L282,TRUE),2)>VLOOKUP(D282,Parameters!$F$1:$G$4,2,FALSE),"Re-calculate", "OK")="OK",R282,R282+1) -> 4 | T282: =IF(IF(M282-ROUND(POISSON(S282,L282,TRUE),2)>VLOOKUP(D282,Parameters!$F$1:$G$4,2,FALSE),"Re-calculate", "OK")="OK",S282,S282+1) -> 5 | U282: =IF(IF(M282-ROUND(POISSON(IF(IF(M282-ROUND(POISSON(S282,L282,TRUE),2)>VLOOKUP(D282,Parameters!$F$1:$G$4,2,FALSE),"Re-calculate", "OK")="OK",S282,S282+1),L282,TRUE),2)>VLOOKUP(D282,Parameters!$F$1:$G$4,2,FALSE),"Re-calculate", "OK")="OK",T282,T282+1) -> 6 | V282: =IF(IF(M282-ROUND(POISSON(U282,L282,TRUE),2)>VLOOKUP(D282,Parameters!$F$1:$G$4,2,FALSE),"Re-calculate", "OK")="OK",U282,U282+1) -> 6 | W282: =IF(IF(M282-ROUND(POISSON(IF(IF(M282-ROUND(POISSON(U282,L282,TRUE),2)>VLOOKUP(D282,Parameters!$F$1:$G$4,2,FALSE),"Re-calculate", "OK")="OK",U282,U282+1),L282,TRUE),2)>VLOOKUP(D282,Parameters!$F$1:$G$4,2,FALSE),"Re-calculate", "OK")="OK",V282,V282+1) -> 6 | X282: =IF(IF(M282-ROUND(POISSON(W282,L282,TRUE),2)>VLOOKUP(D282,Parameters!$F$1:$G$4,2,FALSE),"Re-calculate", "OK")="OK",W282,W282+1) -> 6 | Y282: =IF(IF(M282-ROUND(POISSON(X282,L282,TRUE),2)>VLOOKUP(D282,Parameters!$F$1:$G$4,2,FALSE),"Re-calculate", "OK")="OK",X282,X282+1) -> 6 | Z282: =IF(IF(M282-ROUND(POISSON(Y282,L282,TRUE),2)>VLOOKUP(D282,Parameters!$F$1:$G$4,2,FALSE),"Re-calculate", "OK")="OK",Y282,Y282+1) -> 6 | AA282: =IF(IF(M282-ROUND(POISSON(Z282,L282,TRUE),2)>VLOOKUP(D282,Parameters!$F$1:$G$4,2,FALSE),"Re-calculate", "OK")="OK",Z282,Z282+1) -> 6 | AB282: =IF(IF(M282-ROUND(POISSON(AA282,L282,TRUE),2)>VLOOKUP(D282,Parameters!$F$1:$G$4,2,FALSE),"Re-calculate", "OK")="OK",AA282,AA282+1) -> 6 | AC282: =IF(IF(M282-ROUND(POISSON(AB282,L282,TRUE),2)>VLOOKUP(D282,Parameters!$F$1:$G$4,2,FALSE),"Re-calculate", "OK")="OK",AB282,AB282+1) -> 6 | AD282: =IF(IF(M282-ROUND(POISSON(AC282,L282,TRUE),2)>VLOOKUP(D282,Parameters!$F$1:$G$4,2,FALSE),"Re-calculate", "OK")="OK",AC282,AC282+1) -> 6 | AE282: =IF(IF(M282-ROUND(POISSON(AD282,L282,TRUE),2)>VLOOKUP(D282,Parameters!$F$1:$G$4,2,FALSE),"Re-calculate", "OK")="OK",AD282,AD282+1) -> 6 | AF282: =IF(IF(M282-ROUND(POISSON(AE282,L282,TRUE),2)>VLOOKUP(D282,Parameters!$F$1:$G$4,2,FALSE),"Re-calculate", "OK")="OK",AE282,AE282+1) -> 6 | AG282: =IF(IF(M282-ROUND(POISSON(AF282,L282,TRUE),2)>VLOOKUP(D282,Parameters!$F$1:$G$4,2,FALSE),"Re-calculate", "OK")="OK",AF282,AF282+1) -> 6 | AH282: =IF(IF(M282-ROUND(POISSON(AG282,L282,TRUE),2)>VLOOKUP(D282,Parameters!$F$1:$G$4,2,FALSE),"Re-calculate", "OK")="OK",AG282,AG282+1) -> 6 | AI282: =IF(IF(M282-ROUND(POISSON(AH282,L282,TRUE),2)>VLOOKUP(D282,Parameters!$F$1:$G$4,2,FALSE),"Re-calculate", "OK")="OK",AH282,AH282+1) -> 6 | AJ282: =IF(IF(M282-ROUND(POISSON(AI282,L282,TRUE),2)>VLOOKUP(D282,Parameters!$F$1:$G$4,2,FALSE),"Re-calculate", "OK")="OK",AI282,AI282+1) -> 6 | AK282: =IF(IF(M282-ROUND(POISSON(AJ282,L282,TRUE),2)>VLOOKUP(D282,Parameters!$F$1:$G$4,2,FALSE),"Re-calculate", "OK")="OK",AJ282,AJ282+1) -> 6 | AL282: =IF(IF(M282-ROUND(POISSON(AK282,L282,TRUE),2)>VLOOKUP(D282,Parameters!$F$1:$G$4,2,FALSE),"Re-calculate", "OK")="OK",AK282,AK282+1) -> 6 | AM282: =IF(IF(M282-ROUND(POISSON(AL282,L282,TRUE),2)>VLOOKUP(D282,Parameters!$F$1:$G$4,2,FALSE),"Re-calculate", "OK")="OK",AL282,AL282+1) -> 6 | AN282: =IF(IF(M282-ROUND(POISSON(AM282,L282,TRUE),2)>VLOOKUP(D282,Parameters!$F$1:$G$4,2,FALSE),"Re-calculate", "OK")="OK",AM282,AM282+1) -> 6 | AO282: =IF(IF(M282-ROUND(POISSON(AN282,L282,TRUE),2)>VLOOKUP(D282,Parameters!$F$1:$G$4,2,FALSE),"Re-calculate", "OK")="OK",AN282,AN282+1) -> 6 | AP282: =IF(IF(M282-ROUND(POISSON(AO282,L282,TRUE),2)>VLOOKUP(D282,Parameters!$F$1:$G$4,2,FALSE),"Re-calculate", "OK")="OK",AO282,AO282+1) -> 6 | AQ282: =IF(IF(M282-ROUND(POISSON(AP282,L282,TRUE),2)>VLOOKUP(D282,Parameters!$F$1:$G$4,2,FALSE),"Re-calculate", "OK")="OK",AP282,AP282+1) -> 6 | AR282: =IF(IF(M282-ROUND(POISSON(AQ282,L282,TRUE),2)>VLOOKUP(D282,Parameters!$F$1:$G$4,2,FALSE),"Re-calculate", "OK")="OK",AQ282,AQ282+1) -> 6 | AS282: =IF(IF(M282-ROUND(POISSON(AR282,L282,TRUE),2)>VLOOKUP(D282,Parameters!$F$1:$G$4,2,FALSE),"Re-calculate", "OK")="OK",AR282,AR282+1) -> 6 | AT282: =IF(IF(M282-ROUND(POISSON(AS282,L282,TRUE),2)>VLOOKUP(D282,Parameters!$F$1:$G$4,2,FALSE),"Re-calculate", "OK")="OK",AS282,AS282+1) -> 6 | AU282: =IF(IF(M282-ROUND(POISSON(AT282,L282,TRUE),2)>VLOOKUP(D282,Parameters!$F$1:$G$4,2,FALSE),"Re-calculate", "OK")="OK",AT282,AT282+1) -> 6 | AV282: =IF(IF(M282-ROUND(POISSON(AU282,L282,TRUE),2)>VLOOKUP(D282,Parameters!$F$1:$G$4,2,FALSE),"Re-calculate", "OK")="OK",AU282,AU282+1) -> 6 | AW282: =IF(IF(M282-ROUND(POISSON(AV282,L282,TRUE),2)>VLOOKUP(D282,Parameters!$F$1:$G$4,2,FALSE),"Re-calculate", "OK")="OK",AV282,AV282+1) -> 6 | AX282: =IF(IF(M282-ROUND(POISSON(AW282,L282,TRUE),2)>VLOOKUP(D282,Parameters!$F$1:$G$4,2,FALSE),"Re-calculate", "OK")="OK",AW282,AW282+1) -> 6 | AY282: =IF(IF(M282-ROUND(POISSON(AX282,L282,TRUE),2)>VLOOKUP(D282,Parameters!$F$1:$G$4,2,FALSE),"Re-calculate", "OK")="OK",AX282,AX282+1) -> 6 | AZ282: =IF(IF(M282-ROUND(POISSON(AY282,L282,TRUE),2)>VLOOKUP(D282,Parameters!$F$1:$G$4,2,FALSE),"Re-calculate", "OK")="OK",AY282,AY282+1) -> 6 | BA282: =IF(IF(M282-ROUND(POISSON(AZ282,L282,TRUE),2)>VLOOKUP(D282,Parameters!$F$1:$G$4,2,FALSE),"Re-calculate", "OK")="OK",AZ282,AZ282+1) -> 6 | BB282: =IF(IF(M282-ROUND(POISSON(BA282,L282,TRUE),2)>VLOOKUP(D282,Parameters!$F$1:$G$4,2,FALSE),"Re-calculate", "OK")="OK",BA282,BA282+1) -> 6 | BC282: =IF(IF(M282-ROUND(POISSON(BB282,L282,TRUE),2)>VLOOKUP(D282,Parameters!$F$1:$G$4,2,FALSE),"Re-calculate", "OK")="OK",BB282,BB282+1) -> 6 | BD282: =IF(IF(M282-ROUND(POISSON(BC282,L282,TRUE),2)>VLOOKUP(D282,Parameters!$F$1:$G$4,2,FALSE),"Re-calculate", "OK")="OK",BC282,BC282+1) -> 6 | BE282: =IF(IF(M282-ROUND(POISSON(BD282,L282,TRUE),2)>VLOOKUP(D282,Parameters!$F$1:$G$4,2,FALSE),"Re-calculate", "OK")="OK",BD282,BD282+1) -> 6 | BF282: =POISSON(BE282,L282,TRUE) -> 0.99181628 | BG282: =ROUND(M282-BF282, 2) -> -0.01 | BH282: =IF(BG282>VLOOKUP(D282,Parameters!$F$1:$G$4,2,FALSE),"Re-Calculate","OK") -> OK | BI282: =IF(D282=1,L282," ") -> 2.24 | BJ282: =IF(D282=2,L282," ") | BK282: =IF(D282=3,L282," ") | BM282: =IF(D282=1,L282*BF282," ") -> 2.2216685 | BN282: =IF(D282=2,L282*BF282," ") | BO282: =IF(D282=3,L282*BF282," ") | BQ282: =IF(D282=1,K282," ") -> 25.6 | BR282: =IF(D282=2,K282," ") | BS282: =IF(D282=3,K282," ") | BU282: =IF(D282=1,K282*BF282," ") -> 25.390497 | BV282: =IF(D282=2,K282*BF282," ") | BW282: =IF(D282=3,K282*BF282," ")
H284: =SUMPRODUCT(H2:H282,BE2:BE282) -> 44651677 | BE284: =SUM(BE2:BE282) -> 1048 | BI284: =SUM(BI2:BI282) -> 139.15 | BJ284: =SUM(BJ2:BJ282) -> 248.49 | BK284: =SUM(BK2:BK282) -> 83.26 | BM284: =SUM(BM2:BM282) -> 137.23089 | BN284: =SUM(BN2:BN282) -> 237.13467 | BO284: =SUM(BO2:BO282) -> 77.261447 | BQ284: =SUM(BQ2:BQ282) -> 1115.614 | BR284: =SUM(BR2:BR282) -> 1991.4962 | BS284: =SUM(BS2:BS282) -> 653.39287 | BU284: =SUM(BU2:BU282) -> 1100.2245 | BV284: =SUM(BV2:BV282) -> 1899.8751 | BW284: =SUM(BW2:BW282) -> 606.52276

Sheet Output
B1: no of ac | C1: to update accordingly | E1: 60 | G1: 60 | I1: 60 | K1: 55 | M1: 55 | O1: 20 | Q1: 20
B2: TAT
B3: Desired SL% to meet | C3: to update accordingly | E3: 98%, 95%, 92% | G3: 98%, 95%, 92% | I3: 98%, 95%, 92% | K3: 98%, 95%, 92% | M3: 98%, 95%, 92% | O3: 98%, 95%, 92% | Q3: 98%, 95%, 92%
B4: adjusted Protection level | C4: to input this row after each IP Run | E4: 98%, 93%, 90% | G4: 98%, 94%, 90% | I4: 98%, 94%, 90% | K4: 98%, 93%, 90% | M4: 98%, 94%, 90% | O4: 97%, 92%, 89% | Q4: 98%, 93%, 91%
B5: Total IP Qty | E5: =SUBTOTAL(9,E15:E999) -> 1025 | F5: =SUBTOTAL(9,F15:F999) -> 43739737 | G5: =SUBTOTAL(9,G15:G999) -> 1584 | H5: =SUBTOTAL(9,H15:H999) -> 65351002 | I5: =SUBTOTAL(9,I15:I999) -> 790 | J5: =SUBTOTAL(9,J15:J999) -> 29164858 | K5: =SUBTOTAL(9,K15:K999) -> 955 | L5: =SUBTOTAL(9,L15:L999) -> 40956408 | ... R5: =SUBTOTAL(9,R15:R999) -> 43421710
B6: Total Buy Price | E6: =F5 -> 43739737 | G6: =H5 -> 65351002 | I6: =J5 -> 29164858 | K6: =L5 -> 40956408 | M6: =N5 -> 62585387 | O6: =P5 -> 19323384 | Q6: =R5 -> 43421710
B7: Buy Price per AC | C7: for sanity check | E7: =E6/E1 -> 728995.61 | G7: =G6/G1 -> 1089183.4 | I7: =I6/I1 -> 486080.97 | K7: =K6/K1 -> 744661.96 | M7: =M6/M1 -> 1137916.1 | O7: =O6/O1 -> 966169.21 | Q7: =Q6/Q1 -> 2171085.5
B10: FH | E10: Standalone | K10: Standalone | O10: Standalone
B11: Assumptions | C11: to update accordingly | E11: TAT1- SPT, +10+7 | G11: TAT1- SPT, +10+7 | I11: TAT1- SPT, +10+7 | K11: TAT1- SPT, +10+7 | M11: TAT1- SPT, +10+7 | O11: TAT1- SPT, +10+7 | Q11: TAT1- SPT, +10+7
G12: IP2 - Current Fleet+ Skymark | I12: IP3- Adj Current Fleet only | M12: IP5 - Current Fleet+ Skymark | Q12: IP5 - Current Fleet+ Skymark
B13: Scenario | E13: IP1 | G13: IP2 | I13: IP3 | K13: IP4 | M13: IP5 | O13: IP6 | Q13: IP7
A14: Scope | B14: PN | C14: 2026 Buy Price (USD) with Tariff | E14: M42 | G14: M42 | I14: M42 | K14: M42 | M14: M42 | O14: M42 | Q14: M42
B15: AR4709-13 | C15: 19380 | E15: 1 | F15: =E15*$C15 -> 19380 | G15: 2 | H15: =G15*$C15 -> 38760 | I15: 1 | J15: =I15*$C15 -> 19380 | K15: 1 | L15: =K15*$C15 -> 19380 | M15: 2 | N15: =M15*$C15 -> 38760 | O15: 1 | P15: =O15*$C15 -> 19380 | Q15: 1 | R15: =Q15*$C15 -> 19380
B16: AR4714-11 | C16: 5877.3333 | E16: 1 | F16: =E16*$C16 -> 5877.3333 | G16: 2 | H16: =G16*$C16 -> 11754.667 | I16: 2 | J16: =I16*$C16 -> 11754.667 | K16: 1 | L16: =K16*$C16 -> 5877.3333 | M16: 2 | N16: =M16*$C16 -> 11754.667 | O16: 1 | P16: =O16*$C16 -> 5877.3333 | Q16: 2 | R16: =Q16*$C16 -> 11754.667
B17: AR4714-7 | C17: 6100 | E17: 1 | F17: =E17*$C17 -> 6100 | G17: 3 | H17: =G17*$C17 -> 18300 | I17: 2 | J17: =I17*$C17 -> 12200 | K17: 1 | L17: =K17*$C17 -> 6100 | M17: 3 | N17: =M17*$C17 -> 18300 | O17: 1 | P17: =O17*$C17 -> 6100 | Q17: 2 | R17: =Q17*$C17 -> 12200
B18: AR90122-5D605 | C18: 117680 | E18: 3 | F18: =E18*$C18 -> 353040 | G18: 3 | H18: =G18*$C18 -> 353040 | I18: 0 | J18: =I18*$C18 -> 0 | K18: 3 | L18: =K18*$C18 -> 353040 | M18: 3 | N18: =M18*$C18 -> 353040 | O18: 1 | P18: =O18*$C18 -> 117680 | Q18: 2 | R18: =Q18*$C18 -> 235360
B19: Z014H010035C | C19: 140502.45 | E19: 13 | F19: =E19*$C19 -> 1826531.9 | G19: 24 | H19: =G19*$C19 -> 3372058.8 | I19: 14 | J19: =I19*$C19 -> 1967034.3 | K19: 12 | L19: =K19*$C19 -> 1686029.4 | M19: 23 | N19: =M19*$C19 -> 3231556.4 | O19: 5 | P19: =O19*$C19 -> 702512.25 | Q19: 17 | R19: =Q19*$C19 -> 2388541.7
B20: Z043H0101110 | C20: 7441.22 | E20: 9 | F20: =E20*$C20 -> 66970.98 | G20: 9 | H20: =G20*$C20 -> 66970.98 | I20: 0 | J20: =I20*$C20 -> 0 | K20: 8 | L20: =K20*$C20 -> 59529.76 | M20: 8 | N20: =M20*$C20 -> 59529.76 | O20: 4 | P20: =O20*$C20 -> 29764.88 | Q20: 4 | R20: =Q20*$C20 -> 29764.88
B21: Z111H0040131 | C21: 8029.07 | E21: 12 | F21: =E21*$C21 -> 96348.84 | G21: 12 | H21: =G21*$C21 -> 96348.84 | I21: 0 | J21: =I21*$C21 -> 0 | K21: 11 | L21: =K21*$C21 -> 88319.77 | M21: 11 | N21: =M21*$C21 -> 88319.77 | O21: 5 | P21: =O21*$C21 -> 40145.35 | Q21: 5 | R21: =Q21*$C21 -> 40145.35
B22: Z145HA452120 | C22: 76480 | E22: 5 | F22: =E22*$C22 -> 382400 | G22: 6 | H22: =G22*$C22 -> 458880 | I22: 0 | J22: =I22*$C22 -> 0 | K22: 5 | L22: =K22*$C22 -> 382400 | M22: 5 | N22: =M22*$C22 -> 382400 | O22: 2 | P22: =O22*$C22 -> 152960 | Q22: 2 | R22: =Q22*$C22 -> 152960
B23: Z212H0001110 | C23: 2968.04 | E23: 13 | F23: =E23*$C23 -> 38584.52 | G23: 30 | H23: =G23*$C23 -> 89041.2 | I23: 19 | J23: =I23*$C23 -> 56392.76 | K23: 12 | L23: =K23*$C23 -> 35616.48 | M23: 29 | N23: =M23*$C23 -> 86073.16 | O23: 5 | P23: =O23*$C23 -> 14840.2 | Q23: 23 | R23: =Q23*$C23 -> 68264.92
B24: Z212H0009110 | C24: 4550 | E24: 2 | F24: =E24*$C24 -> 9100 | G24: 2 | H24: =G24*$C24 -> 9100 | I24: 0 | J24: =I24*$C24 -> 0 | K24: 2 | L24: =K24*$C24 -> 9100 | M24: 2 | N24: =M24*$C24 -> 9100 | O24: 1 | P24: =O24*$C24 -> 4550 | Q24: 1 | R24: =Q24*$C24 -> 4550
B25: Z213H0101111 | C25: 8990 | E25: 7 | F25: =E25*$C25 -> 62930 | G25: 7 | H25: =G25*$C25 -> 62930 | I25: 0 | J25: =I25*$C25 -> 0 | K25: 6 | L25: =K25*$C25 -> 53940 | M25: 6 | N25: =M25*$C25 -> 53940 | O25: 3 | P25: =O25*$C25 -> 26970 | Q25: 3 | R25: =Q25*$C25 -> 26970
B26: Z233H0000110 | C26: 1124.21 | E26: 11 | F26: =E26*$C26 -> 12366.31 | G26: 21 | H26: =G26*$C26 -> 23608.41 | I26: 12 | J26: =I26*$C26 -> 13490.52 | K26: 10 | L26: =K26*$C26 -> 11242.1 | M26: 20 | N26: =M26*$C26 -> 22484.2 | O26: 4 | P26: =O26*$C26 -> 4496.84 | Q26: 15 | R26: =Q26*$C26 -> 16863.15
... B295: RCF6717 | C295: 9474.51 | E295: 6 | F295: =E295*$C295 -> 56847.06 | G295: 11 | H295: =G295*$C295 -> 104219.61 | I295: 8 | J295: =I295*$C295 -> 75796.08 | K295: 5 | L295: =K295*$C295 -> 47372.55 | M295: 11 | N295: =M295*$C295 -> 104219.61 | O295: 3 | P295: =O295*$C295 -> 28423.53 | Q295: 11 | R295: =Q295*$C295 -> 104219.61
F296: =E296*$C296 -> 0 | H296: =G296*$C296 -> 0 | J296: =I296*$C296 -> 0 | L296: =K296*$C296 -> 0 | N296: =M296*$C296 -> 0 | P296: =O296*$C296 -> 0 | R296: =Q296*$C296 -> 0
F297: =E297*$C297 -> 0 | H297: =G297*$C297 -> 0 | J297: =I297*$C297 -> 0 | L297: =K297*$C297 -> 0 | N297: =M297*$C297 -> 0 | P297: =O297*$C297 -> 0 | R297: =Q297*$C297 -> 0
F298: =E298*$C298 -> 0 | H298: =G298*$C298 -> 0 | J298: =I298*$C298 -> 0 | L298: =K298*$C298 -> 0 | N298: =M298*$C298 -> 0 | P298: =O298*$C298 -> 0 | R298: =Q298*$C298 -> 0
F299: =E299*$C299 -> 0 | H299: =G299*$C299 -> 0 | J299: =I299*$C299 -> 0 | L299: =K299*$C299 -> 0 | N299: =M299*$C299 -> 0 | P299: =O299*$C299 -> 0 | R299: =Q299*$C299 -> 0
F300: =E300*$C300 -> 0 | H300: =G300*$C300 -> 0 | J300: =I300*$C300 -> 0 | L300: =K300*$C300 -> 0 | N300: =M300*$C300 -> 0 | P300: =O300*$C300 -> 0 | R300: =Q300*$C300 -> 0
F301: =E301*$C301 -> 0 | H301: =G301*$C301 -> 0 | J301: =I301*$C301 -> 0 | L301: =K301*$C301 -> 0 | N301: =M301*$C301 -> 0 | P301: =O301*$C301 -> 0 | R301: =Q301*$C301 -> 0
F302: =E302*$C302 -> 0 | H302: =G302*$C302 -> 0 | J302: =I302*$C302 -> 0 | L302: =K302*$C302 -> 0 | N302: =M302*$C302 -> 0 | P302: =O302*$C302 -> 0 | R302: =Q302*$C302 -> 0
F303: =E303*$C303 -> 0 | H303: =G303*$C303 -> 0 | J303: =I303*$C303 -> 0 | L303: =K303*$C303 -> 0 | N303: =M303*$C303 -> 0 | P303: =O303*$C303 -> 0 | R303: =Q303*$C303 -> 0
F304: =E304*$C304 -> 0 | H304: =G304*$C304 -> 0 | J304: =I304*$C304 -> 0 | L304: =K304*$C304 -> 0 | N304: =M304*$C304 -> 0 | P304: =O304*$C304 -> 0 | R304: =Q304*$C304 -> 0
F305: =E305*$C305 -> 0 | H305: =G305*$C305 -> 0 | J305: =I305*$C305 -> 0 | L305: =K305*$C305 -> 0 | N305: =M305*$C305 -> 0 | P305: =O305*$C305 -> 0 | R305: =Q305*$C305 -> 0
F306: =E306*$C306 -> 0 | H306: =G306*$C306 -> 0 | J306: =I306*$C306 -> 0 | L306: =K306*$C306 -> 0 | N306: =M306*$C306 -> 0 | P306: =O306*$C306 -> 0 | R306: =Q306*$C306 -> 0
F307: =E307*$C307 -> 0 | H307: =G307*$C307 -> 0 | J307: =I307*$C307 -> 0 | L307: =K307*$C307 -> 0 | N307: =M307*$C307 -> 0 | P307: =O307*$C307 -> 0 | R307: =Q307*$C307 -> 0
... F660: =E660*$C660 -> 0 | H660: =G660*$C660 -> 0 | J660: =I660*$C660 -> 0 | L660: =K660*$C660 -> 0 | N660: =M660*$C660 -> 0 | P660: =O660*$C660 -> 0 | R660: =Q660*$C660 -> 0

Sheet Poisson Distribution Table
B2: m
A3: Demand | B3: 0 | C3: 1 | D3: 2 | E3: 3 | F3: 4 | G3: 5 | H3: 6 | I3: 7 | J3: 8 | K3: 9 | L3: 10 | M3: 11 | N3: 12 | O3: 13 | P3: 14 | Q3: 15 | R3: 16 | S3: 17 | T3: 18 | U3: 19 | V3: 20 | W3: 21 | X3: 22 | Y3: 23 | Z3: 24 | AA3: 25 | AB3: 26 | AC3: 27 | AD3: 28 | AE3: 29 | AF3: 30 | AG3: 31 | AH3: 32 | AI3: 33 | AJ3: 34 | AK3: 35 | AL3: 36 | AM3: 37 | AN3: 38 | AO3: 39 | AP3: 40 | AQ3: 41 | AR3: 42 | AS3: 43 | AT3: 44 | AU3: 45 | AV3: 46 | AW3: 47 | AX3: 48 | AY3: 49 | AZ3: 50 | BA3: 51 | BB3: 52 | BC3: 53 | BD3: 54 | BE3: 55 | BF3: 56 | BG3: 57 | BH3: 58 | BI3: 59 | BJ3: 60 | BK3: 61 | BL3: 62 | BM3: 63 | BN3: 64 | BO3: 65 | BP3: 66 | BQ3: 67 | BR3: 68
A4: 0 | B4: =POISSON(B3,A4,TRUE) -> 1
A5: 0.01 | B5: =POISSON(B3,$A$5,TRUE) -> 0.99004983 | C5: =POISSON(C3,$A$5,TRUE) -> 0.99995033
A6: 0.02 | B6: =POISSON(B3,$A$6,TRUE) -> 0.98019867 | C6: =POISSON(C3,$A$6,TRUE) -> 0.99980265
A7: 0.03 | B7: =POISSON(B3,$A$7,TRUE) -> 0.97044553 | C7: =POISSON(C3,$A$7,TRUE) -> 0.9995589
A8: 0.04 | B8: =POISSON(B3,$A$8,TRUE) -> 0.96078944 | C8: =POISSON(C3,$A$8,TRUE) -> 0.99922102 | D8: =POISSON(D3,$A$8,TRUE) -> 0.99998965
A9: 0.05 | B9: =POISSON(B3,$A$9,TRUE) -> 0.95122942 | C9: =POISSON(C3,$A$9,TRUE) -> 0.9987909 | D9: =POISSON(D3,$A$9,TRUE) -> 0.99997993
A10: 0.06 | B10: =POISSON(B3,$A$10,TRUE) -> 0.94176453 | C10: =POISSON(C3,$A$10,TRUE) -> 0.99827041 | D10: =POISSON(D3,$A$10,TRUE) -> 0.99996558
A11: 0.07 | B11: =POISSON(B3,$A$11,TRUE) -> 0.93239382 | C11: =POISSON(C3,$A$11,TRUE) -> 0.99766139 | D11: =POISSON(D3,$A$11,TRUE) -> 0.99994575
A12: 0.08 | B12: =POISSON(B3,$A$12,TRUE) -> 0.92311635 | C12: =POISSON(C3,$A$12,TRUE) -> 0.99696565 | D12: =POISSON(D3,$A$12,TRUE) -> 0.99991963
A13: 0.09 | B13: =POISSON(B3,$A$13,TRUE) -> 0.91393119 | C13: =POISSON(C3,$A$13,TRUE) -> 0.99618499 | D13: =POISSON(D3,$A$13,TRUE) -> 0.99988641
A14: 0.1 | B14: =POISSON(B3,$A$14,TRUE) -> 0.90483742 | C14: =POISSON(C3,$A$14,TRUE) -> 0.99532116 | D14: =POISSON(D3,$A$14,TRUE) -> 0.99984535
A15: 0.11 | B15: =POISSON(B3,$A$15,TRUE) -> 0.89583414 | C15: =POISSON(C3,$A$15,TRUE) -> 0.99437589 | D15: =POISSON(D3,$A$15,TRUE) -> 0.99979569
A16: 0.12 | B16: =POISSON(B3,$A$16,TRUE) -> 0.88692044 | C16: =POISSON(C3,$A$16,TRUE) -> 0.99335089 | D16: =POISSON(D3,$A$16,TRUE) -> 0.99973672
A17: 0.13 | B17: =POISSON(B3,$A$17,TRUE) -> 0.87809543 | C17: =POISSON(C3,$A$17,TRUE) -> 0.99224784 | D17: =POISSON(D3,$A$17,TRUE) -> 0.99966774
A18: 0.14 | B18: =POISSON(B3,$A$18,TRUE) -> 0.86935824 | C18: =POISSON(C3,$A$18,TRUE) -> 0.99106839 | D18: =POISSON(D3,$A$18,TRUE) -> 0.9995881
A19: 0.15 | B19: =POISSON(B3,$A$19,TRUE) -> 0.86070798 | C19: =POISSON(C3,$A$19,TRUE) -> 0.98981417 | D19: =POISSON(D3,$A$19,TRUE) -> 0.99949714 | E19: =POISSON(E3,$A$19,TRUE) -> 0.99998129
A20: 0.16 | B20: =POISSON(B3,$A$20,TRUE) -> 0.85214379 | C20: =POISSON(C3,$A$20,TRUE) -> 0.9884868 | D20: =POISSON(D3,$A$20,TRUE) -> 0.99939424 | E20: =POISSON(E3,$A$20,TRUE) -> 0.99997597
A21: 0.17 | B21: =POISSON(B3,$A$21,TRUE) -> 0.84366482 | C21: =POISSON(C3,$A$21,TRUE) -> 0.98708784 | D21: =POISSON(D3,$A$21,TRUE) -> 0.99927879 | E21: =POISSON(E3,$A$21,TRUE) -> 0.99996961
A22: 0.18 | B22: =POISSON(B3,$A$22,TRUE) -> 0.83527021 | C22: =POISSON(C3,$A$22,TRUE) -> 0.98561885 | D22: =POISSON(D3,$A$22,TRUE) -> 0.99915023 | E22: =POISSON(E3,$A$22,TRUE) -> 0.99996211
A23: 0.19 | B23: =POISSON(B3,$A$23,TRUE) -> 0.82695913 | C23: =POISSON(C3,$A$23,TRUE) -> 0.98408137 | D23: =POISSON(D3,$A$23,TRUE) -> 0.99900798 | E23: =POISSON(E3,$A$23,TRUE) -> 0.99995333
A24: 0.2 | B24: =POISSON(B3,$A$24,TRUE) -> 0.81873075 | C24: =POISSON(C3,$A$24,TRUE) -> 0.9824769 | D24: =POISSON(D3,$A$24,TRUE) -> 0.99885152 | E24: =POISSON(E3,$A$24,TRUE) -> 0.99994316
A25: 0.21 | B25: =POISSON(B3,$A25,TRUE) -> 0.81058425 | C25: =POISSON(C3,$A25,TRUE) -> 0.98080694 | D25: =POISSON(D3,$A25,TRUE) -> 0.99868032 | E25: =POISSON(E3,$A25,TRUE) -> 0.99993146
A26: 0.22 | B26: =POISSON(B3,$A$26,TRUE) -> 0.8025188 | C26: =POISSON(C3,$A$26,TRUE) -> 0.97907293 | D26: =POISSON(D3,$A$26,TRUE) -> 0.99849389 | E26: =POISSON(E3,$A$26,TRUE) -> 0.99991809
A27: 0.23 | B27: =POISSON(B3,$A$27, TRUE) -> 0.7945336 | C27: =POISSON(C3,$A$27, TRUE) -> 0.97727633 | D27: =POISSON(D3,$A$27, TRUE) -> 0.99829174 | E27: =POISSON(E3,$A$27, TRUE) -> 0.99990293
A28: 0.24 | B28: =POISSON(B3,$A$28,TRUE) -> 0.78662786 | C28: =POISSON(C3,$A$28,TRUE) -> 0.97541855 | D28: =POISSON(D3,$A$28,TRUE) -> 0.99807343 | E28: =POISSON(E3,$A$28,TRUE) -> 0.99988582
A29: 0.25 | B29: =POISSON(B3,$A$29,TRUE) -> 0.77880078 | C29: =POISSON(C3,$A$29,TRUE) -> 0.97350098 | D29: =POISSON(D3,$A$29,TRUE) -> 0.9978385 | E29: =POISSON(E3,$A$29,TRUE) -> 0.99986663
A30: 0.26 | B30: =POISSON(B3,$A$30,TRUE) -> 0.77105159 | C30: =POISSON(C3,$A$30,TRUE) -> 0.971525 | D30: =POISSON(D3,$A$30,TRUE) -> 0.99758654 | E30: =POISSON(E3,$A$30,TRUE) -> 0.99984521
A31: 0.27 | B31: =POISSON(B3,$A$31,TRUE) -> 0.76337949 | C31: =POISSON(C3,$A$31,TRUE) -> 0.96949196 | D31: =POISSON(D3,$A$31,TRUE) -> 0.99731714 | E31: =POISSON(E3,$A$31,TRUE) -> 0.99982141
A32: 0.28 | B32: =POISSON(B3,$A$32,TRUE) -> 0.75578374 | C32: =POISSON(C3,$A$32,TRUE) -> 0.96740319 | D32: =POISSON(D3,$A$32,TRUE) -> 0.99702991 | E32: =POISSON(E3,$A$32,TRUE) -> 0.99979507
A33: 0.29 | B33: =POISSON(B3,$A$33,TRUE) -> 0.74826357 | C33: =POISSON(C3,$A$33,TRUE) -> 0.96526 | D33: =POISSON(D3,$A$33,TRUE) -> 0.99672449 | E33: =POISSON(E3,$A$33,TRUE) -> 0.99976605
A34: 0.3 | B34: =POISSON(B3,$A$34,TRUE) -> 0.74081822 | C34: =POISSON(C3,$A$34,TRUE) -> 0.96306369 | D34: =POISSON(D3,$A$34,TRUE) -> 0.99640051 | E34: =POISSON(E3,$A$34,TRUE) -> 0.99973419
A35: 0.31 | B35: =POISSON(B3,$A$35,TRUE) -> 0.73344696 | C35: =POISSON(C3,$A$35,TRUE) -> 0.96081551 | D35: =POISSON(D3,$A$35,TRUE) -> 0.99605764 | E35: =POISSON(E3,$A$35,TRUE) -> 0.99969933
A36: 0.32 | B36: =POISSON(B3,$A$36,TRUE) -> 0.72614904 | C36: =POISSON(C3,$A$36,TRUE) -> 0.95851673 | D36: =POISSON(D3,$A$36,TRUE) -> 0.99569556 | E36: =POISSON(E3,$A$36,TRUE) -> 0.9996613
A37: 0.33 | B37: =POISSON(B3,$A$37,TRUE) -> 0.71892373 | C37: =POISSON(C3,$A$37,TRUE) -> 0.95616857 | D37: =POISSON(D3,$A$37,TRUE) -> 0.99531396 | E37: =POISSON(E3,$A$37,TRUE) -> 0.99961996
A38: 0.34 | B38: =POISSON(B3,$A$38,TRUE) -> 0.71177032 | C38: =POISSON(C3,$A$38,TRUE) -> 0.95377223 | D38: =POISSON(D3,$A$38,TRUE) -> 0.99491256 | E38: =POISSON(E3,$A$38,TRUE) -> 0.99957513
A39: 0.35 | B39: =POISSON(B3,$A$39,TRUE) -> 0.70468809 | C39: =POISSON(C3,$A$39,TRUE) -> 0.95132892 | D39: =POISSON(D3,$A$39,TRUE) -> 0.99449107 | E39: =POISSON(E3,$A$39,TRUE) -> 0.99952665
A40: 0.36 | B40: =POISSON(B3,$A$40,TRUE) -> 0.69767633 | C40: =POISSON(C3,$A$40,TRUE) -> 0.9488398 | D40: =POISSON(D3,$A$40,TRUE) -> 0.99404923 | E40: =POISSON(E3,$A$40,TRUE) -> 0.99947436 | F40: =POISSON(F3,$A$40,TRUE) -> 0.99996262
A41: 0.37 | B41: =POISSON(B3,$A$41,TRUE) -> 0.69073433 | C41: =POISSON(C3,$A$41,TRUE) -> 0.94630603 | D41: =POISSON(D3,$A$41,TRUE) -> 0.9935868 | E41: =POISSON(E3,$A$41,TRUE) -> 0.99941809 | F41: =POISSON(F3,$A$41,TRUE) -> 0.99995749
A42: 0.38 | B42: =POISSON(B3,$A$42,TRUE) -> 0.68386141 | C42: =POISSON(C3,$A$42,TRUE) -> 0.94372874 | D42: =POISSON(D3,$A$42,TRUE) -> 0.99310354 | E42: =POISSON(E3,$A$42,TRUE) -> 0.99935768 | F42: =POISSON(F3,$A$42,TRUE) -> 0.99995182
A43: 0.39 | B43: =POISSON(B3,$A$43,TRUE) -> 0.67705687 | C43: =POISSON(C3,$A$43,TRUE) -> 0.94110906 | D43: =POISSON(D3,$A$43,TRUE) -> 0.99259923 | E43: =POISSON(E3,$A$43,TRUE) -> 0.99929295 | F43: =POISSON(F3,$A$43,TRUE) -> 0.99994559
A44: 0.4 | B44: =POISSON(B3,$A$44,TRUE) -> 0.67032005 | C44: =POISSON(C3,$A$44,TRUE) -> 0.93844806 | D44: =POISSON(D3,$A$44,TRUE) -> 0.99207367 | E44: =POISSON(E3,$A$44,TRUE) -> 0.99922375 | F44: =POISSON(F3,$A$44,TRUE) -> 0.99993876
A45: 0.41 | B45: =POISSON(B3,$A$45,TRUE) -> 0.66365025 | C45: =POISSON(C3,$A$45,TRUE) -> 0.93574685 | D45: =POISSON(D3,$A$45,TRUE) -> 0.99152666 | E45: =POISSON(E3,$A$45,TRUE) -> 0.9991499 | F45: =POISSON(F3,$A$45,TRUE) -> 0.99993128
A46: 0.42 | B46: =POISSON(B3,$A$46,TRUE) -> 0.65704682 | C46: =POISSON(C3,$A$46,TRUE) -> 0.93300648 | D46: =POISSON(D3,$A$46,TRUE) -> 0.99095801 | E46: =POISSON(E3,$A$46,TRUE) -> 0.99907123 | F46: =POISSON(F3,$A$46,TRUE) -> 0.99992312
A47: 0.43 | B47: =POISSON(B3,$A$47,TRUE) -> 0.65050909 | C47: =POISSON(C3,$A$47,TRUE) -> 0.93022801 | D47: =POISSON(D3,$A$47,TRUE) -> 0.99036757 | E47: =POISSON(E3,$A$47,TRUE) -> 0.99898758 | F47: =POISSON(F3,$A$47,TRUE) -> 0.99991423
A48: 0.44 | B48: =POISSON(B3,$A$48,TRUE) -> 0.64403642 | C48: =POISSON(C3,$A$48,TRUE) -> 0.92741245 | D48: =POISSON(D3,$A$48,TRUE) -> 0.98975517 | E48: =POISSON(E3,$A$48,TRUE) -> 0.99889877 | F48: =POISSON(F3,$A$48,TRUE) -> 0.99990457
A49: 0.45 | B49: =POISSON(B3,$A$49,TRUE) -> 0.63762815 | C49: =POISSON(C3,$A$49,TRUE) -> 0.92456082 | D49: =POISSON(D3,$A$49,TRUE) -> 0.98912067 | E49: =POISSON(E3,$A$49,TRUE) -> 0.99880465 | F49: =POISSON(F3,$A$49,TRUE) -> 0.9998941
A50: 0.46 | B50: =POISSON(B3,$A$50,TRUE) -> 0.63128365 | C50: =POISSON(C3,$A$50,TRUE) -> 0.92167412 | D50: =POISSON(D3,$A$50,TRUE) -> 0.98846393 | E50: =POISSON(E3,$A$50,TRUE) -> 0.99870504 | F50: =POISSON(F3,$A$50,TRUE) -> 0.99988276
A51: 0.47 | B51: =POISSON(B3,$A$51,TRUE) -> 0.62500227 | C51: =POISSON(C3,$A$51,TRUE) -> 0.91875333 | D51: =POISSON(D3,$A$51,TRUE) -> 0.98778483 | E51: =POISSON(E3,$A$51,TRUE) -> 0.99859977 | F51: =POISSON(F3,$A$51,TRUE) -> 0.99987052
A52: 0.48 | B52: =POISSON(B3,$A$52,TRUE) -> 0.61878339 | C52: =POISSON(C3,$A$52,TRUE) -> 0.91579942 | D52: =POISSON(D3,$A$52,TRUE) -> 0.98708327 | E52: =POISSON(E3,$A$52,TRUE) -> 0.99848868 | F52: =POISSON(F3,$A$52,TRUE) -> 0.99985733
A53: 0.49 | B53: =POISSON(B3,$A$53,TRUE) -> 0.61262639 | C53: =POISSON(C3,$A$53,TRUE) -> 0.91281333 | D53: =POISSON(D3,$A$53,TRUE) -> 0.98635913 | E53: =POISSON(E3,$A$53,TRUE) -> 0.99837161 | F53: =POISSON(F3,$A$53,TRUE) -> 0.99984314
A54: 0.5 | B54: =POISSON(B3,$A$54,TRUE) -> 0.60653066 | C54: =POISSON(C3,$A$54,TRUE) -> 0.90979599 | D54: =POISSON(D3,$A$54,TRUE) -> 0.98561232 | E54: =POISSON(E3,$A$54,TRUE) -> 0.99824838 | F54: =POISSON(F3,$A$54,TRUE) -> 0.99982788
A55: 0.51 | B55: =POISSON(B3,$A$55,TRUE) -> 0.60049558 | C55: =POISSON(C3,$A$55,TRUE) -> 0.90674832 | D55: =POISSON(D3,$A$55,TRUE) -> 0.98484277 | E55: =POISSON(E3,$A$55,TRUE) -> 0.99811883 | F55: =POISSON(F3,$A$55,TRUE) -> 0.99981153
A56: 0.52 | B56: =POISSON(B3,$A$56,TRUE) -> 0.59452055 | C56: =POISSON(C3,$A$56,TRUE) -> 0.90367123 | D56: =POISSON(D3,$A$56,TRUE) -> 0.98405041 | E56: =POISSON(E3,$A$56,TRUE) -> 0.9979828 | F56: =POISSON(F3,$A$56,TRUE) -> 0.99979401
A57: 0.53 | B57: =POISSON(B3,$A$57,TRUE) -> 0.58860497 | C57: =POISSON(C3,$A$57,TRUE) -> 0.9005656 | D57: =POISSON(D3,$A$57,TRUE) -> 0.98323517 | E57: =POISSON(E3,$A$57,TRUE) -> 0.99784013 | F57: =POISSON(F3,$A$57,TRUE) -> 0.99977529
A58: 0.54 | B58: =POISSON(B3,$A$58,TRUE) -> 0.58274825 | C58: =POISSON(C3,$A$58,TRUE) -> 0.89743231 | D58: =POISSON(D3,$A$58,TRUE) -> 0.982397 | E58: =POISSON(E3,$A$58,TRUE) -> 0.99769065 | F58: =POISSON(F3,$A$58,TRUE) -> 0.99975529
A59: 0.55 | B59: =POISSON(B3,$A$59,TRUE) -> 0.57694981 | C59: =POISSON(C3,$A$59,TRUE) -> 0.89427221 | D59: =POISSON(D3,$A$59,TRUE) -> 0.98153586 | E59: =POISSON(E3,$A$59,TRUE) -> 0.9975342 | F59: =POISSON(F3,$A$59,TRUE) -> 0.99973397
A60: 0.56 | B60: =POISSON(B3,$A$60,TRUE) -> 0.57120906 | C60: =POISSON(C3,$A$60,TRUE) -> 0.89108614 | D60: =POISSON(D3,$A$60,TRUE) -> 0.98065172 | E60: =POISSON(E3,$A$60,TRUE) -> 0.99737063 | F60: =POISSON(F3,$A$60,TRUE) -> 0.99971128
A61: 0.57 | B61: =POISSON(B3,$A$61,TRUE) -> 0.56552544 | C61: =POISSON(C3,$A$61,TRUE) -> 0.88787494 | D61: =POISSON(D3,$A$61,TRUE) -> 0.97974455 | E61: =POISSON(E3,$A$61,TRUE) -> 0.99719977 | F61: =POISSON(F3,$A$61,TRUE) -> 0.99968714
A62: 0.58 | B62: =POISSON(B3,$A$62,TRUE) -> 0.55989837 | C62: =POISSON(C3,$A$62,TRUE) -> 0.88463942 | D62: =POISSON(D3,$A$62,TRUE) -> 0.97881432 | E62: =POISSON(E3,$A$62,TRUE) -> 0.99702147 | F62: =POISSON(F3,$A$62,TRUE) -> 0.99966151
A63: 0.59 | B63: =POISSON(B3,$A$63,TRUE) -> 0.55432728 | C63: =POISSON(C3,$A$63,TRUE) -> 0.88138038 | D63: =POISSON(D3,$A$63,TRUE) -> 0.97786105 | E63: =POISSON(E3,$A$63,TRUE) -> 0.99683558 | F63: =POISSON(F3,$A$63,TRUE) -> 0.99963432
A64: 0.6 | B64: =POISSON(B3,$A$64,TRUE) -> 0.54881164 | C64: =POISSON(C3,$A$64,TRUE) -> 0.87809862 | D64: =POISSON(D3,$A$64,TRUE) -> 0.97688471 | E64: =POISSON(E3,$A$64,TRUE) -> 0.99664193 | F64: =POISSON(F3,$A$64,TRUE) -> 0.99960551
A65: 0.61 | B65: =POISSON(B3,$A$65,TRUE) -> 0.54335087 | C65: =POISSON(C3,$A$65,TRUE) -> 0.8747949 | D65: =POISSON(D3,$A$65,TRUE) -> 0.97588533 | E65: =POISSON(E3,$A$65,TRUE) -> 0.99644038 | F65: =POISSON(F3,$A$65,TRUE) -> 0.99957503
A66: 0.62 | B66: =POISSON(B3,$A$66,TRUE) -> 0.53794444 | C66: =POISSON(C3,$A$66,TRUE) -> 0.87146999 | D66: =POISSON(D3,$A$66,TRUE) -> 0.97486291 | E66: =POISSON(E3,$A$66,TRUE) -> 0.99623078 | F66: =POISSON(F3,$A$66,TRUE) -> 0.9995428
A67: 0.63 | B67: =POISSON(B3,$A$67,TRUE) -> 0.5325918 | C67: =POISSON(C3,$A$67,TRUE) -> 0.86812464 | D67: =POISSON(D3,$A$67,TRUE) -> 0.97381748 | E67: =POISSON(E3,$A$67,TRUE) -> 0.99601298 | F67: =POISSON(F3,$A$67,TRUE) -> 0.99950877
A68: 0.64 | B68: =POISSON(B3,$A$68,TRUE) -> 0.52729242 | C68: =POISSON(C3,$A$68,TRUE) -> 0.86475958 | D68: =POISSON(D3,$A$68,TRUE) -> 0.97274906 | E68: =POISSON(E3,$A$68,TRUE) -> 0.99578682 | F68: =POISSON(F3,$A$68,TRUE) -> 0.99947286 | G68: =POISSON(G3,$A$68,TRUE) -> 0.99994468
A69: 0.65 | B69: =POISSON(B3,$A$69,TRUE) -> 0.52204578 | C69: =POISSON(C3,$A$69,TRUE) -> 0.86137553 | D69: =POISSON(D3,$A$69,TRUE) -> 0.9716577 | E69: =POISSON(E3,$A$69,TRUE) -> 0.99555217 | F69: =POISSON(F3,$A$69,TRUE) -> 0.99943502 | G69: =POISSON(G3,$A$69,TRUE) -> 0.99993979
A70: 0.66 | B70: =POISSON(B3,$A$70,TRUE) -> 0.51685133 | C70: =POISSON(C3,$A$70,TRUE) -> 0.85797322 | D70: =POISSON(D3,$A$70,TRUE) -> 0.97054344 | E70: =POISSON(E3,$A$70,TRUE) -> 0.99530888 | F70: =POISSON(F3,$A$70,TRUE) -> 0.99939518 | G70: =POISSON(G3,$A$70,TRUE) -> 0.99993457
A71: 0.67 | B71: =POISSON(B3,$A$71,TRUE) -> 0.51170858 | C71: =POISSON(C3,$A$71,TRUE) -> 0.85455332 | D71: =POISSON(D3,$A$71,TRUE) -> 0.96940632 | E71: =POISSON(E3,$A$71,TRUE) -> 0.99505682 | F71: =POISSON(F3,$A$71,TRUE) -> 0.99935328 | G71: =POISSON(G3,$A$71,TRUE) -> 0.999929
A72: 0.68 | B72: =POISSON(B3,$A$72,TRUE) -> 0.50661699 | C72: =POISSON(C3,$A$72,TRUE) -> 0.85111655 | D72: =POISSON(D3,$A$72,TRUE) -> 0.9682464 | E72: =POISSON(E3,$A$72,TRUE) -> 0.99479583 | F72: =POISSON(F3,$A$72,TRUE) -> 0.99930923 | G72: =POISSON(G3,$A$72,TRUE) -> 0.99992305
A73: 0.69 | B73: =POISSON(B3,$A$73,TRUE) -> 0.50157607 | C73: =POISSON(C3,$A$73,TRUE) -> 0.84766356 | D73: =POISSON(D3,$A$73,TRUE) -> 0.96706374 | E73: =POISSON(E3,$A$73,TRUE) -> 0.99452578 | F73: =POISSON(F3,$A$73,TRUE) -> 0.99926298 | G73: =POISSON(G3,$A$73,TRUE) -> 0.99991672
A74: 0.7 | B74: =POISSON(B3,$A$74,TRUE) -> 0.4965853 | C74: =POISSON(C3,$A$74,TRUE) -> 0.84419502 | D74: =POISSON(D3,$A$74,TRUE) -> 0.96585842 | E74: =POISSON(E3,$A$74,TRUE) -> 0.99424654 | F74: =POISSON(F3,$A$74,TRUE) -> 0.99921446 | G74: =POISSON(G3,$A$74,TRUE) -> 0.99990997
A75: 0.71 | B75: =POISSON(B3,$A$75,TRUE) -> 0.4916442 | C75: =POISSON(C3,$A$75,TRUE) -> 0.84071158 | D75: =POISSON(D3,$A$75,TRUE) -> 0.9646305 | E75: =POISSON(E3,$A$75,TRUE) -> 0.99395798 | F75: =POISSON(F3,$A$75,TRUE) -> 0.9991636 | G75: =POISSON(G3,$A$75,TRUE) -> 0.9999028
A76: 0.72 | B76: =POISSON(B3,$A$76,TRUE) -> 0.48675226 | C76: =POISSON(C3,$A$76,TRUE) -> 0.83721388 | D76: =POISSON(D3,$A$76,TRUE) -> 0.96338006 | E76: =POISSON(E3,$A$76,TRUE) -> 0.99365995 | F76: =POISSON(F3,$A$76,TRUE) -> 0.99911033 | G76: =POISSON(G3,$A$76,TRUE) -> 0.99989518
A77: 0.73 | B77: =POISSON(B3,$A$77,TRUE) -> 0.48190899 | C77: =POISSON(C3,$A$77,TRUE) -> 0.83370255 | D77: =POISSON(D3,$A$77,TRUE) -> 0.9621072 | E77: =POISSON(E3,$A$77,TRUE) -> 0.99335233 | F77: =POISSON(F3,$A$77,TRUE) -> 0.99905457 | G77: =POISSON(G3,$A$77,TRUE) -> 0.9998871
A78: 0.74 | B78: =POISSON(B3,$A$78,TRUE) -> 0.47711392 | C78: =POISSON(C3,$A$78,TRUE) -> 0.83017821 | D78: =POISSON(D3,$A$78,TRUE) -> 0.960812 | E78: =POISSON(E3,$A$78,TRUE) -> 0.993035 | F78: =POISSON(F3,$A$78,TRUE) -> 0.99899626 | G78: =POISSON(G3,$A$78,TRUE) -> 0.99987853
A79: 0.75 | B79: =POISSON(B3,$A$79,TRUE) -> 0.47236655 | C79: =POISSON(C3,$A$79,TRUE) -> 0.82664147 | D79: =POISSON(D3,$A$79,TRUE) -> 0.95949456 | E79: =POISSON(E3,$A$79,TRUE) -> 0.99270783 | F79: =POISSON(F3,$A$79,TRUE) -> 0.99893532 | G79: =POISSON(G3,$A$79,TRUE) -> 0.99986945
A80: 0.76 | B80: =POISSON(B3,$A$80,TRUE) -> 0.46766643 | C80: =POISSON(C3,$A$80,TRUE) -> 0.82309291 | D80: =POISSON(D3,$A$80,TRUE) -> 0.95815498 | E80: =POISSON(E3,$A$80,TRUE) -> 0.9923707 | F80: =POISSON(F3,$A$80,TRUE) -> 0.99887169 | G80: =POISSON(G3,$A$80,TRUE) -> 0.99985984
A81: 0.77 | B81: =POISSON(B3,$A$81,TRUE) -> 0.46301307 | C81: =POISSON(C3,$A$81,TRUE) -> 0.81953313 | D81: =POISSON(D3,$A$81,TRUE) -> 0.95679336 | E81: =POISSON(E3,$A$81,TRUE) -> 0.99202348 | F81: =POISSON(F3,$A$81,TRUE) -> 0.99880528 | G81: =POISSON(G3,$A$81,TRUE) -> 0.99984968
A82: 0.78 | B82: =POISSON(B3,$A$82,TRUE) -> 0.45840601 | C82: =POISSON(C3,$A$82,TRUE) -> 0.8159627 | D82: =POISSON(D3,$A$82,TRUE) -> 0.95540981 | E82: =POISSON(E3,$A$82,TRUE) -> 0.99166606 | F82: =POISSON(F3,$A$82,TRUE) -> 0.99873603 | G82: =POISSON(G3,$A$82,TRUE) -> 0.99983894
A83: 0.79 | B83: =POISSON(B3,$A$83,TRUE) -> 0.4538448 | C83: =POISSON(C3,$A$83,TRUE) -> 0.81238218 | D83: =POISSON(D3,$A$83,TRUE) -> 0.95400445 | E83: =POISSON(E3,$A$83,TRUE) -> 0.99129832 | F83: =POISSON(F3,$A$83,TRUE) -> 0.99866385 | G83: =POISSON(G3,$A$83,TRUE) -> 0.99982761
A84: 0.8 | B84: =POISSON(B3,$A$84,TRUE) -> 0.44932896 | C84: =POISSON(C3,$A$84,TRUE) -> 0.80879214 | D84: =POISSON(D3,$A$84,TRUE) -> 0.9525774 | E84: =POISSON(E3,$A$84,TRUE) -> 0.99092014 | F84: =POISSON(F3,$A$84,TRUE) -> 0.99858869 | G84: =POISSON(G3,$A$84,TRUE) -> 0.99981566
A85: 0.81 | B85: =POISSON(B3,$A$85,TRUE) -> 0.44485807 | C85: =POISSON(C3,$A$85,TRUE) -> 0.8051931 | D85: =POISSON(D3,$A$85,TRUE) -> 0.95112879 | E85: =POISSON(E3,$A$85,TRUE) -> 0.99053142 | F85: =POISSON(F3,$A$85,TRUE) -> 0.99851046 | G85: =POISSON(G3,$A$85,TRUE) -> 0.99980306
A86: 0.82 | B86: =POISSON(B3,$A$86,TRUE) -> 0.44043165 | C86: =POISSON(C3,$A$86,TRUE) -> 0.80158561 | D86: =POISSON(D3,$A$86,TRUE) -> 0.94965873 | E86: =POISSON(E3,$A$86,TRUE) -> 0.99013205 | F86: =POISSON(F3,$A$86,TRUE) -> 0.99842908 | G86: =POISSON(G3,$A$86,TRUE) -> 0.9997898
A87: 0.83 | B87: =POISSON(B3,$A$87,TRUE) -> 0.43604929 | C87: =POISSON(C3,$A$87,TRUE) -> 0.79797019 | D87: =POISSON(D3,$A$87,TRUE) -> 0.94816737 | E87: =POISSON(E3,$A$87,TRUE) -> 0.98972192 | F87: =POISSON(F3,$A$87,TRUE) -> 0.99834449 | G87: =POISSON(G3,$A$87,TRUE) -> 0.99977584
A88: 0.84 | B88: =POISSON(B3,$A$88,TRUE) -> 0.43171052 | C88: =POISSON(C3,$A$88,TRUE) -> 0.79434736 | D88: =POISSON(D3,$A$88,TRUE) -> 0.94665484 | E88: =POISSON(E3,$A$88,TRUE) -> 0.98930093 | F88: =POISSON(F3,$A$88,TRUE) -> 0.99825661 | G88: =POISSON(G3,$A$88,TRUE) -> 0.99976116
A89: 0.85 | B89: =POISSON(B3,$A$89,TRUE) -> 0.42741493 | C89: =POISSON(C3,$A$89,TRUE) -> 0.79071762 | D89: =POISSON(D3,$A$89,TRUE) -> 0.94512127 | E89: =POISSON(E3,$A$89,TRUE) -> 0.98886897 | F89: =POISSON(F3,$A$89,TRUE) -> 0.99816535 | G89: =POISSON(G3,$A$89,TRUE) -> 0.99974574
A90: 0.86 | B90: =POISSON(B3,$A$90,TRUE) -> 0.42316208 | C90: =POISSON(C3,$A$90,TRUE) -> 0.78708147 | D90: =POISSON(D3,$A$90,TRUE) -> 0.94356681 | E90: =POISSON(E3,$A$90,TRUE) -> 0.98842594 | F90: =POISSON(F3,$A$90,TRUE) -> 0.99807065 | G90: =POISSON(G3,$A$90,TRUE) -> 0.99972955
A91: 0.87 | B91: =POISSON(B3,$A$91,TRUE) -> 0.41895155 | C91: =POISSON(C3,$A$91,TRUE) -> 0.7834394 | D91: =POISSON(D3,$A$91,TRUE) -> 0.94199161 | E91: =POISSON(E3,$A$91,TRUE) -> 0.98797175 | F91: =POISSON(F3,$A$91,TRUE) -> 0.99797243 | G91: =POISSON(G3,$A$91,TRUE) -> 0.99971255
A92: 0.88 | B92: =POISSON(B3,$A$92,TRUE) -> 0.41478291 | C92: =POISSON(C3,$A$92,TRUE) -> 0.77979187 | D92: =POISSON(D3,$A$92,TRUE) -> 0.94039582 | E92: =POISSON(E3,$A$92,TRUE) -> 0.98750631 | F92: =POISSON(F3,$A$92,TRUE) -> 0.99787062 | G92: =POISSON(G3,$A$92,TRUE) -> 0.99969473
A93: 0.89 | B93: =POISSON(B3,$A$93,TRUE) -> 0.41065575 | C93: =POISSON(C3,$A$93,TRUE) -> 0.77613937 | D93: =POISSON(D3,$A$93,TRUE) -> 0.93877958 | E93: =POISSON(E3,$A$93,TRUE) -> 0.98702951 | F93: =POISSON(F3,$A$93,TRUE) -> 0.99776512 | G93: =POISSON(G3,$A$93,TRUE) -> 0.99967606
A94: 0.9 | B94: =POISSON(B3,$A$94,TRUE) -> 0.40656966 | C94: =POISSON(C3,$A$94,TRUE) -> 0.77248235 | D94: =POISSON(D3,$A$94,TRUE) -> 0.93714307 | E94: =POISSON(E3,$A$94,TRUE) -> 0.98654128 | F94: =POISSON(F3,$A$94,TRUE) -> 0.99765588 | G94: =POISSON(G3,$A$94,TRUE) -> 0.99965651
A95: 0.91 | B95: =POISSON(B3,$A$95,TRUE) -> 0.40252422 | C95: =POISSON(C3,$A$95,TRUE) -> 0.76882127 | D95: =POISSON(D3,$A$95,TRUE) -> 0.93548642 | E95: =POISSON(E3,$A$95,TRUE) -> 0.98604152 | F95: =POISSON(F3,$A$95,TRUE) -> 0.9975428 | G95: =POISSON(G3,$A$95,TRUE) -> 0.99963604
A96: 0.92 | B96: =POISSON(B3,$A$96,TRUE) -> 0.39851904 | C96: =POISSON(C3,$A$96,TRUE) -> 0.76515656 | D96: =POISSON(D3,$A$96,TRUE) -> 0.93380982 | E96: =POISSON(E3,$A$96,TRUE) -> 0.98553015 | F96: =POISSON(F3,$A$96,TRUE) -> 0.99742583 | G96: =POISSON(G3,$A$96,TRUE) -> 0.99961463
A97: 0.93 | B97: =POISSON(B3,$A$97,TRUE) -> 0.39455371 | C97: =POISSON(C3,$A$97,TRUE) -> 0.76148866 | D97: =POISSON(D3,$A$97,TRUE) -> 0.93211341 | E97: =POISSON(E3,$A$97,TRUE) -> 0.98500709 | F97: =POISSON(F3,$A$97,TRUE) -> 0.99730487 | G97: =POISSON(G3,$A$97,TRUE) -> 0.99959225
A98: 0.94 | B98: =POISSON(B3,$A$98,TRUE) -> 0.39062784 | C98: =POISSON(C3,$A$98,TRUE) -> 0.757818 | D98: =POISSON(D3,$A$98,TRUE) -> 0.93039738 | E98: =POISSON(E3,$A$98,TRUE) -> 0.98447225 | F98: =POISSON(F3,$A$98,TRUE) -> 0.99717984 | G98: =POISSON(G3,$A$98,TRUE) -> 0.99956887
A99: 0.95 | B99: =POISSON(B3,$A$99,TRUE) -> 0.38674102 | C99: =POISSON(C3,$A$99,TRUE) -> 0.754145 | D99: =POISSON(D3,$A$99,TRUE) -> 0.92866188 | E99: =POISSON(E3,$A$99,TRUE) -> 0.98392556 | F99: =POISSON(F3,$A$99,TRUE) -> 0.99705069 | G99: =POISSON(G3,$A$99,TRUE) -> 0.99954446
A100: 0.96 | B100: =POISSON(B3,$A$100,TRUE) -> 0.38289289 | C100: =POISSON(C3,$A$100,TRUE) -> 0.75047006 | D100: =POISSON(D3,$A$100,TRUE) -> 0.9269071 | E100: =POISSON(E3,$A$100,TRUE) -> 0.98336695 | F100: =POISSON(F3,$A$100,TRUE) -> 0.99691732 | G100: =POISSON(G3,$A$100,TRUE) -> 0.99951899
A101: 0.97 | B101: =POISSON(B3,$A$101,TRUE) -> 0.37908304 | C101: =POISSON(C3,$A$101,TRUE) -> 0.74679359 | D101: =POISSON(D3,$A$101,TRUE) -> 0.9251332 | E101: =POISSON(E3,$A$101,TRUE) -> 0.98279634 | F101: =POISSON(F3,$A$101,TRUE) -> 0.99677965 | G101: =POISSON(G3,$A$101,TRUE) -> 0.99949242 | H101: =POISSON(H3,$A$101,TRUE) -> 0.99993098
...
