Workbook

Sheet ACRD-based Recommendation
A1: PN | B1: FAM Class | C1: Avail Pool Qty by FA PN | D1: Avail Pool Qty by FamClass Adj | E1: Adjusted Total Avail Pool based on Pool Std | F1: Pool Std
A2: AR4709-13 | B2: =VLOOKUP(A2, partNumbers!$A$1:$Z$5000, 6, FALSE) -> STEAS00138 | C2: =IFERROR(VLOOKUP(A2, inhousePoolInfo!$A$1:$D$8000, 4, FALSE), 0) -> 0 | D2: =IFERROR(VLOOKUP(B2, inhousePoolInfo!$I$1:$J$8000, 2, FALSE), 0) -> 6 | E2: 0
A3: AR4714-11 | B3: =VLOOKUP(A3, partNumbers!$A$1:$Z$5000, 6, FALSE) -> STEAS00454 | C3: =IFERROR(VLOOKUP(A3, inhousePoolInfo!$A$1:$D$8000, 4, FALSE), 0) -> 7 | D3: =IFERROR(VLOOKUP(B3, inhousePoolInfo!$I$1:$J$8000, 2, FALSE), 0) -> 8 | E3: 7
A4: AR4714-7 | B4: =VLOOKUP(A4, partNumbers!$A$1:$Z$5000, 6, FALSE) -> STEAS00453 | C4: =IFERROR(VLOOKUP(A4, inhousePoolInfo!$A$1:$D$8000, 4, FALSE), 0) -> 6 | D4: =IFERROR(VLOOKUP(B4, inhousePoolInfo!$I$1:$J$8000, 2, FALSE), 0) -> 8 | E4: 6
A5: AR90122-5D605 | B5: =VLOOKUP(A5, partNumbers!$A$1:$Z$5000, 6, FALSE) -> STEAS00218 | C5: =IFERROR(VLOOKUP(A5, inhousePoolInfo!$A$1:$D$8000, 4, FALSE), 0) -> 0 | D5: =IFERROR(VLOOKUP(B5, inhousePoolInfo!$I$1:$J$8000, 2, FALSE), 0) -> 17 | E5: 0
A6: Z014H010035C | B6: =VLOOKUP(A6, partNumbers!$A$1:$Z$5000, 6, FALSE) -> STEAS00179 | C6: =IFERROR(VLOOKUP(A6, inhousePoolInfo!$A$1:$D$8000, 4, FALSE), 0) -> 0 | D6: =IFERROR(VLOOKUP(B6, inhousePoolInfo!$I$1:$J$8000, 2, FALSE), 0) -> 16 | E6: 3 | F6: Z014H000131A
A7: Z043H0101110 | B7: =VLOOKUP(A7, partNumbers!$A$1:$Z$5000, 6, FALSE) -> STEAS00178 | C7: =IFERROR(VLOOKUP(A7, inhousePoolInfo!$A$1:$D$8000, 4, FALSE), 0) -> 0 | D7: =IFERROR(VLOOKUP(B7, inhousePoolInfo!$I$1:$J$8000, 2, FALSE), 0) -> 12 | E7: 4 | F7: Z043H0100110
A8: Z111H0040131 | B8: =VLOOKUP(A8, partNumbers!$A$1:$Z$5000, 6, FALSE) -> STEAS00052 | C8: =IFERROR(VLOOKUP(A8, inhousePoolInfo!$A$1:$D$8000, 4, FALSE), 0) -> 0 | D8: =IFERROR(VLOOKUP(B8, inhousePoolInfo!$I$1:$J$8000, 2, FALSE), 0) -> 9 | E8: 0
A9: Z145HA452120 | B9: =VLOOKUP(A9, partNumbers!$A$1:$Z$5000, 6, FALSE) -> STEAS00216 | C9: =IFERROR(VLOOKUP(A9, inhousePoolInfo!$A$1:$D$8000, 4, FALSE), 0) -> 0 | D9: =IFERROR(VLOOKUP(B9, inhousePoolInfo!$I$1:$J$8000, 2, FALSE), 0) -> 10 | E9: 0
A10: Z212H0001110 | B10: =VLOOKUP(A10, partNumbers!$A$1:$Z$5000, 6, FALSE) -> STEAS00127 | C10: =IFERROR(VLOOKUP(A10, inhousePoolInfo!$A$1:$D$8000, 4, FALSE), 0) -> 3 | D10: =IFERROR(VLOOKUP(B10, inhousePoolInfo!$I$1:$J$8000, 2, FALSE), 0) -> 9 | E10: 3
A11: Z212H0009110 | B11: =VLOOKUP(A11, partNumbers!$A$1:$Z$5000, 6, FALSE) -> A320-FAM027 | C11: =IFERROR(VLOOKUP(A11, inhousePoolInfo!$A$1:$D$8000, 4, FALSE), 0) -> 0 | D11: =IFERROR(VLOOKUP(B11, inhousePoolInfo!$I$1:$J$8000, 2, FALSE), 0) -> 0 | E11: 0
A12: Z213H0101111 | B12: =VLOOKUP(A12, partNumbers!$A$1:$Z$5000, 6, FALSE) -> A320-FAM028 | C12: =IFERROR(VLOOKUP(A12, inhousePoolInfo!$A$1:$D$8000, 4, FALSE), 0) -> 0 | D12: =IFERROR(VLOOKUP(B12, inhousePoolInfo!$I$1:$J$8000, 2, FALSE), 0) -> 0 | E12: 0
A13: Z233H0000110 | B13: =VLOOKUP(A13, partNumbers!$A$1:$Z$5000, 6, FALSE) -> STEAS00085 | C13: =IFERROR(VLOOKUP(A13, inhousePoolInfo!$A$1:$D$8000, 4, FALSE), 0) -> 1 | D13: =IFERROR(VLOOKUP(B13, inhousePoolInfo!$I$1:$J$8000, 2, FALSE), 0) -> 1 | E13: 1
A14: Z233H0010110 | B14: =VLOOKUP(A14, partNumbers!$A$1:$Z$5000, 6, FALSE) -> STEAS00086 | C14: =IFERROR(VLOOKUP(A14, inhousePoolInfo!$A$1:$D$8000, 4, FALSE), 0) -> 2 | D14: =IFERROR(VLOOKUP(B14, inhousePoolInfo!$I$1:$J$8000, 2, FALSE), 0) -> 2 | E14: 2
A15: Z315H0GA001E | B15: =VLOOKUP(A15, partNumbers!$A$1:$Z$5000, 6, FALSE) -> STEAS00332 | C15: =IFERROR(VLOOKUP(A15, inhousePoolInfo!$A$1:$D$8000, 4, FALSE), 0) -> 0 | D15: =IFERROR(VLOOKUP(B15, inhousePoolInfo!$I$1:$J$8000, 2, FALSE), 0) -> 0 | E15: 0
A16: Z318H015013E | B16: =VLOOKUP(A16, partNumbers!$A$1:$Z$5000, 6, FALSE) -> A320-FAM005 | C16: =IFERROR(VLOOKUP(A16, inhousePoolInfo!$A$1:$D$8000, 4, FALSE), 0) -> 0 | D16: =IFERROR(VLOOKUP(B16, inhousePoolInfo!$I$1:$J$8000, 2, FALSE), 0) -> 0 | E16: 0
A17: Z318H017013E | B17: =VLOOKUP(A17, partNumbers!$A$1:$Z$5000, 6, FALSE) -> A320-FAM006 | C17: =IFERROR(VLOOKUP(A17, inhousePoolInfo!$A$1:$D$8000, 4, FALSE), 0) -> 0 | D17: =IFERROR(VLOOKUP(B17, inhousePoolInfo!$I$1:$J$8000, 2, FALSE), 0) -> 0 | E17: 0
A18: Z318H037023E | B18: =VLOOKUP(A18, partNumbers!$A$1:$Z$5000, 6, FALSE) -> A320-FAM007 | C18: =IFERROR(VLOOKUP(A18, inhousePoolInfo!$A$1:$D$8000, 4, FALSE), 0) -> 0 | D18: =IFERROR(VLOOKUP(B18, inhousePoolInfo!$I$1:$J$8000, 2, FALSE), 0) -> 0 | E18: 0
A19: Z318H078031E | B19: =VLOOKUP(A19, partNumbers!$A$1:$Z$5000, 6, FALSE) -> A320-FAM004 | C19: =IFERROR(VLOOKUP(A19, inhousePoolInfo!$A$1:$D$8000, 4, FALSE), 0) -> 0 | D19: =IFERROR(VLOOKUP(B19, inhousePoolInfo!$I$1:$J$8000, 2, FALSE), 0) -> 0 | E19: 0
... A271: B372EAM0200 | B271: =VLOOKUP(A271, partNumbers!$A$1:$Z$5000, 6, FALSE) -> STEAS00398 | C271: =IFERROR(VLOOKUP(A271, inhousePoolInfo!$A$1:$D$8000, 4, FALSE), 0) -> 0 | D271: =IFERROR(VLOOKUP(B271, inhousePoolInfo!$I$1:$J$8000, 2, FALSE), 0) -> 9 | E271: 0
A272: C12850AC03 | B272: =VLOOKUP(A272, partNumbers!$A$1:$Z$5000, 6, FALSE) -> STEAS00221 | C272: =IFERROR(VLOOKUP(A272, inhousePoolInfo!$A$1:$D$8000, 4, FALSE), 0) -> 7 | D272: =IFERROR(VLOOKUP(B272, inhousePoolInfo!$I$1:$J$8000, 2, FALSE), 0) -> 22 | E272: 13 | F272: C12850AC02
A273: C12860AA08 | B273: =VLOOKUP(A273, partNumbers!$A$1:$Z$5000, 6, FALSE) -> STEAS00105 | C273: =IFERROR(VLOOKUP(A273, inhousePoolInfo!$A$1:$D$8000, 4, FALSE), 0) -> 0 | D273: =IFERROR(VLOOKUP(B273, inhousePoolInfo!$I$1:$J$8000, 2, FALSE), 0) -> 10 | E273: 0
A274: C13153EA02 | B274: =VLOOKUP(A274, partNumbers!$A$1:$Z$5000, 6, FALSE) -> STEAS04896 | C274: =IFERROR(VLOOKUP(A274, inhousePoolInfo!$A$1:$D$8000, 4, FALSE), 0) -> 0 | D274: =IFERROR(VLOOKUP(B274, inhousePoolInfo!$I$1:$J$8000, 2, FALSE), 0) -> 0 | E274: 0
A275: C18456AAA01 | B275: =VLOOKUP(A275, partNumbers!$A$1:$Z$5000, 6, FALSE) -> STEAS00257 | C275: =IFERROR(VLOOKUP(A275, inhousePoolInfo!$A$1:$D$8000, 4, FALSE), 0) -> 1 | D275: =IFERROR(VLOOKUP(B275, inhousePoolInfo!$I$1:$J$8000, 2, FALSE), 0) -> 7 | E275: 1
A276: C19625BA | B276: =VLOOKUP(A276, partNumbers!$A$1:$Z$5000, 6, FALSE) -> STEAS04897 | C276: =IFERROR(VLOOKUP(A276, inhousePoolInfo!$A$1:$D$8000, 4, FALSE), 0) -> 0 | D276: =IFERROR(VLOOKUP(B276, inhousePoolInfo!$I$1:$J$8000, 2, FALSE), 0) -> 1 | E276: 0
A277: C19628AD | B277: =VLOOKUP(A277, partNumbers!$A$1:$Z$5000, 6, FALSE) -> A320-FAM029 | C277: =IFERROR(VLOOKUP(A277, inhousePoolInfo!$A$1:$D$8000, 4, FALSE), 0) -> 0 | D277: =IFERROR(VLOOKUP(B277, inhousePoolInfo!$I$1:$J$8000, 2, FALSE), 0) -> 0 | E277: 0
A278: C19643AD | B278: =VLOOKUP(A278, partNumbers!$A$1:$Z$5000, 6, FALSE) -> A320-FAM030 | C278: =IFERROR(VLOOKUP(A278, inhousePoolInfo!$A$1:$D$8000, 4, FALSE), 0) -> 0 | D278: =IFERROR(VLOOKUP(B278, inhousePoolInfo!$I$1:$J$8000, 2, FALSE), 0) -> 0 | E278: 0
A279: C19755BA01 | B279: =VLOOKUP(A279, partNumbers!$A$1:$Z$5000, 6, FALSE) -> STEAS00186 | C279: =IFERROR(VLOOKUP(A279, inhousePoolInfo!$A$1:$D$8000, 4, FALSE), 0) -> 7 | D279: =IFERROR(VLOOKUP(B279, inhousePoolInfo!$I$1:$J$8000, 2, FALSE), 0) -> 24 | E279: 7
A280: C49AA0222 | B280: =VLOOKUP(A280, partNumbers!$A$1:$Z$5000, 6, FALSE) -> STEAS00715 | C280: =IFERROR(VLOOKUP(A280, inhousePoolInfo!$A$1:$D$8000, 4, FALSE), 0) -> 0 | D280: =IFERROR(VLOOKUP(B280, inhousePoolInfo!$I$1:$J$8000, 2, FALSE), 0) -> 0 | E280: 0
A281: MXP801-21 | B281: =VLOOKUP(A281, partNumbers!$A$1:$Z$5000, 6, FALSE) -> STEAS00452 | C281: =IFERROR(VLOOKUP(A281, inhousePoolInfo!$A$1:$D$8000, 4, FALSE), 0) -> 0 | D281: =IFERROR(VLOOKUP(B281, inhousePoolInfo!$I$1:$J$8000, 2, FALSE), 0) -> 8 | E281: 0
A282: RCF6717 | B282: =VLOOKUP(A282, partNumbers!$A$1:$Z$5000, 6, FALSE) -> STEAS00382 | C282: =IFERROR(VLOOKUP(A282, inhousePoolInfo!$A$1:$D$8000, 4, FALSE), 0) -> 2 | D282: =IFERROR(VLOOKUP(B282, inhousePoolInfo!$I$1:$J$8000, 2, FALSE), 0) -> 18 | E282: 2

Sheet partNumbers
A1: PN | B1: Annual FH | C1: RRI | D1: Buy Price (USD) | E1: Aircraft Count | F1: FAM Class
A2: AR4709-13 | B2: 4000 | C2: 0 | D2: 19380 | E2: 60 | F2: STEAS00138
A3: AR4714-11 | B3: 4000 | C3: 0 | D3: 5877.3333 | E3: 60 | F3: STEAS00454
A4: AR4714-7 | B4: 4000 | C4: 0 | D4: 6100 | E4: 60 | F4: STEAS00453
A5: AR90122-5D605 | B5: 4000 | C5: 0 | D5: 117680 | E5: 60 | F5: STEAS00218
A6: Z014H010035C | B6: 4000 | C6: 0 | D6: 140502.45 | E6: 60 | F6: STEAS00179
A7: Z043H0101110 | B7: 4000 | C7: 0 | D7: 7441.22 | E7: 60 | F7: STEAS00178
A8: Z111H0040131 | B8: 4000 | C8: 0 | D8: 8029.07 | E8: 60 | F8: STEAS00052
A9: Z145HA452120 | B9: 4000 | C9: 0 | D9: 76480 | E9: 60 | F9: STEAS00216
A10: Z212H0001110 | B10: 4000 | C10: 0 | D10: 2968.04 | E10: 60 | F10: STEAS00127
A11: Z212H0009110 | B11: 4000 | C11: 0 | D11: 4550 | E11: 60 | F11: A320-FAM027
A12: Z213H0101111 | B12: 4000 | C12: 0 | D12: 8990 | E12: 60 | F12: A320-FAM028
A13: Z233H0000110 | B13: 4000 | C13: 0 | D13: 1124.21 | E13: 60 | F13: STEAS00085
... A282: RCF6717 | B282: 4000 | C282: 0 | D282: 9474.51 | E282: 60 | F282: STEAS00382

Sheet inhousePoolInfo
A1: To update below info MONTHLY based on latest FA report | I1: If PN is A320neo unique or B737MAX unique, do not consider famclass qty, only use Available Pool Qty by PN; Pool Qty by Famclass will include Pool Qty by FA PN, so do not double-count
E2: Mar 2026 data | K2: Mar 2026 data
A3: FA PN | B3: Famclass | C3: 1 Mar 2026 - FA Qty | D3: Available Pool Qty | E3: Highest NBV (SGD) | F3: Highest Monthly Depreciation (SGD) | I3: Available Pool Qty by Famclass | J3: Available Pool Qty | K3: Highest NBV (SGD) | L3: Highest Monthly Depreciation (SGD)
A4: 003CM00-0200 | B4: STEAS01324 | C4: 2 | D4: 1 | E4: 22542.61 | F4: 86.370133 | I4: STEAS00001 | J4: 8 | K4: 8087.62 | L4: 38.1492
A5: 003-CM-00-0200 | B5: STEAS01324 | C5: 1 | D5: 1 | E5: 24511.22 | F5: 87.85 | I5: STEAS00002 | J5: 4 | K5: 15980.86 | L5: 75.027533
A6: 003CM00-0400 | B6: STEAS01326 | C6: 1 | D6: 1 | E6: 15224.95 | F6: 72.8459 | I6: STEAS00003 | J6: 8 | K6: 15350.46 | L6: 60.197867
A7: 005RL03 | B7: STEAS00832 | C7: 2 | D7: 2 | E7: 323.08 | F7: 1.56 | I7: STEAS00004 | J7: 8 | K7: 5669.68 | L7: 30.157833
A8: 005RL05 | B8: STEAS00832 | C8: 1 | D8: 1 | E8: 15223.66 | F8: 67.07 | I8: STEAS00005 | J8: 4 | K8: 4376.66 | L8: 19.5386
A9: 0102ME2GE | B9: STEAS00415 | C9: 7 | D9: 7 | E9: 17995.16 | F9: 66.158667 | I9: STEAS00006 | J9: 20 | K9: 10650.99 | L9: 70.54
A10: 0123FA2 | B10: STEAS02237 | C10: 7 | D10: 4 | E10: 3956.76 | F10: 41.22 | I10: STEAS00008 | J10: 8 | K10: 11530.69 | L10: 62.328167
A11: 0154GL5 | B11: STEAS00418 | C11: 1 | D11: 1 | E11: 0 | F11: 0 | I11: STEAS00009 | J11: 1 | K11: 7737.16 | L11: 113.78
A12: 0154JU | B12: STEAS00975 | C12: 1 | D12: 1 | E12: 0 | F12: 0 | I12: STEAS00010 | J12: 10 | K12: 10181.36 | L12: 73.778056
A13: 0154MW-CLB | B13: STEAS06258 | C13: 2 | D13: 1 | E13: 40206.62 | F13: 134.92153 | I13: STEAS00012 | J13: 1 | K13: 3001.19 | L13: 14.024267
A14: 0154NE2 | B14: STEAS06257 | C14: 1 | D14: 1 | E14: 22468.63 | F14: 84.15 | I14: STEAS00015 | J14: 2 | K14: 0 | L14: 0
A15: 01N65900 | B15: STEAS00196 | C15: 7 | D15: 7 | E15: 1746.21 | F15: 20.0715 | I15: STEAS00016 | J15: 1 | K15: 37605.4 | L15: 139.797
... A32: 066-1093-11 | B32: STEAS02433 | C32: 1 | D32: 1 | E32: 0 | F32: 0 | I32: STEAS00034 | J32: 3 | K32: 7692.79 | L32: 36.458667
A33: 066-50000-1508 | C33: 1 | D33: 1 | E33: 0 | F33: 0 | I33: STEAS00035 | J33: 6 | K33: 22898.71 | L33: 107.00333
A34: 066-50000-2220 | B34: STEAS00113 | C34: 4 | D34: 4 | E34: 1802.1 | F34: 64.36 | I34: STEAS00036 | J34: 9 | K34: 40874.61 | L34: 158.42867
A35: 066-50000-2221 | B35: STEAS00113 | C35: 2 | D35: 1 | E35: 1588.42 | F35: 33.1 | I35: STEAS00037 | J35: 2 | K35: 1016.88 | L35: 19.55
A36: 066-50006-1202 | B36: STEAS00380 | C36: 1 | D36: 1 | E36: 0 | F36: 0 | I36: STEAS00038 | J36: 4 | K36: 5034.76 | L36: 16.838667
A37: 066-50007-0101 | B37: STEAS02438 | C37: 3 | D37: 0 | E37: 22932.52 | F37: 138.15 | I37: STEAS00040 | J37: 17 | K37: 36651.65 | L37: 349.06333
A38: 066-50007-0212 | B38: STEAS00481 | C38: 2 | D38: 2 | E38: 0 | F38: 0 | I38: STEAS00041 | J38: 6 | K38: 10076.58 | L38: 132.58
A39: 066-50007-0222 | B39: STEAS00481 | C39: 1 | D39: 1 | E39: 3044.1 | F39: 304.41 | I39: STEAS00043 | J39: 7 | K39: 274428 | L39: 1016.4
A40: 066-50007-0432 | B40: STEAS00481 | C40: 2 | D40: 2 | E40: 18767.95 | F40: 312.8 | I40: STEAS00044 | J40: 11 | K40: 2015.33 | L40: 28.79
A41: 066-50007-0531 | B41: STEAS02438 | C41: 1 | D41: 0 | E41: 11402.63 | F41: 44.89 | I41: STEAS00045 | J41: 3 | K41: 22622.93 | L41: 84.1001
A42: 066-50007-1531 | B42: STEAS01330 | C42: 4 | D42: 2 | E42: 106441.44 | F42: 403.18727 | I42: STEAS00046 | J42: 10 | K42: 4097.27 | L42: 15.1191
A43: 066-50008-0405 | B43: STEAS00483 | C43: 1 | D43: 1 | E43: 28561.13 | F43: 328.29 | I43: STEAS00047 | J43: 7 | K43: 3346.24 | L43: 39.37
A44: 066-50008-0406 | B44: STEAS00483 | C44: 3 | D44: 1 | E44: 0 | F44: 0 | I44: STEAS00048 | J44: 2 | K44: 0 | L44: 0
A45: 066-50008-0407 | B45: STEAS00483 | C45: 2 | D45: 2 | E45: 13487.18 | F45: 236.62 | I45: STEAS00049 | J45: 18 | K45: 445802.75 | L45: 1714.63
... A110: 1019439-1-001 | B110: STEAS02244 | C110: 3 | D110: 1 | E110: 55016.94 | F110: 221.84 | I110: STEAS00146 | J110: 12 | K110: 38573.61 | L110: 258.88333
A111: 1019439-2-001 | B111: STEAS02244 | C111: 1 | D111: 1 | E111: 76167.65 | F111: 337.025 | I111: STEAS00147 | J111: 0
A112: 1020420-2-114 | B112: STEAS00192 | C112: 1 | D112: 1 | E112: 1059331.2 | F112: 4996.8451 | I112: STEAS00148 | J112: 3 | K112: 76934.73 | L112: 289.22833
A113: 1020420-3-118 | B113: STEAS00192 | C113: 1 | D113: 1 | E113: 1184816.1 | F113: 4628.1879 | I113: STEAS00149 | J113: 6 | K113: 1282.96 | L113: 32.9
A114: 1020896-1 | B114: STEAS01265 | C114: 2 | D114: 2 | E114: 29471.04 | F114: 115.1212 | I114: STEAS00150 | J114: 2 | K114: 6410.33 | L114: 59.36
A115: 1020901-2 | B115: STEAS01266 | C115: 2 | D115: 1 | E115: 25082.87 | F115: 118.31543 | I115: STEAS00151 | J115: 4 | K115: 45862.62 | L115: 179.15087
A116: 1020902-1 | B116: STEAS01267 | C116: 1 | D116: 1 | E116: 5476.68 | F116: 25.712033 | I116: STEAS00154 | J116: 1 | K116: 17778.33 | L116: 67.088067
A117: 1020903-1 | B117: STEAS01268 | C117: 1 | D117: 1 | E117: 47700.02 | F117: 223.94 | I117: STEAS00155 | J117: 9 | K117: 20560.58 | L117: 147.92
A118: 1020923-1 | B118: STEAS01269 | C118: 2 | D118: 1 | E118: 99099.07 | F118: 387.10573 | I118: STEAS00156 | J118: 2 | K118: 704.78 | L118: 8.92
A119: 1020924-1 | B119: STEAS01270 | C119: 2 | D119: 1 | E119: 40012.28 | F119: 156.29803 | I119: STEAS00159 | J119: 1 | K119: 21270.34 | L119: 82.76
A120: 1020925-3 | B120: STEAS01271 | C120: 1 | D120: 1 | E120: 29430.3 | F120: 114.96207 | I120: STEAS00160 | J120: 10 | K120: 5584.72 | L120: 20.532
A121: 1020926-1 | B121: STEAS01272 | C121: 1 | D121: 0 | E121: 163503.28 | F121: 771.2418 | I121: STEAS00161 | J121: 26 | K121: 51996.82 | L121: 186.36853
A122: 1020926-2 | B122: STEAS01272 | C122: 2 | D122: 2 | E122: 202253.81 | F122: 754.6784 | I122: STEAS00162 | J122: 5 | K122: 48457.87 | L122: 187.1
A123: 1020927-1 | B123: STEAS01273 | C123: 2 | D123: 1 | E123: 61973.54 | F123: 242.08 | I123: STEAS00163 | J123: 2 | K123: 1346.22 | L123: 16.22
... A135: 1022310-1 | B135: STEAS01283 | C135: 2 | D135: 1 | E135: 122289.21 | F135: 477.69 | I135: STEAS00181 | J135: 3 | K135: 2376.9 | L135: 30.09
A136: 1023263-1 | C136: 2 | D136: 2 | E136: 28483.03 | F136: 133.7232 | I136: STEAS00182 | J136: 11 | K136: 21261.23 | L136: 236.24
A137: 1023264-4 | B137: STEAS00151 | C137: 1 | D137: 1 | E137: 39414.5 | F137: 185.0445 | I137: STEAS00183 | J137: 2 | K137: 172.4 | L137: 2.08
A138: 1023264-6 | B138: STEAS00151 | C138: 2 | D138: 2 | E138: 45862.62 | F138: 179.15087 | I138: STEAS00184 | J138: 15 | K138: 94989.79 | L138: 358.452
A139: 1023348-2-105 | B139: STEAS01286 | C139: 1 | D139: 1 | E139: 228724.42 | F139: 1073.8235 | I139: STEAS00186 | J139: 24 | K139: 166463.64 | L139: 642.71673
A140: 1023348-5-106 | B140: STEAS01286 | C140: 1 | D140: 1 | E140: 247645.65 | F140: 967.3658 | I140: STEAS00187 | J140: 1 | K140: 0 | L140: 0
A141: 1023448 | B141: STEAS04548 | C141: 1 | D141: 1 | E141: 57517.01 | F141: 270.0329 | I141: STEAS00188 | J141: 1 | K141: 428.68 | L141: 5.43
A142: 1023448-2 | B142: STEAS04548 | C142: 1 | D142: 1 | E142: 62848.41 | F142: 245.5016 | I142: STEAS00189 | J142: 2 | K142: 155886.71 | L142: 731.86
A143: 1023702-1 | B143: STEAS01287 | C143: 2 | D143: 1 | E143: 179142.38 | F143: 699.77493 | I143: STEAS00190 | J143: 8 | K143: 22262.01 | L143: 117.7884
A144: 1024-3 | B144: STEAS04080 | C144: 1 | D144: 1 | E144: 2340.78 | F144: 19.837167 | I144: STEAS00191 | J144: 7 | K144: 308003.2 | L144: 2124.16
A145: 1024-4 | B145: STEAS04080 | C145: 1 | D145: 1 | E145: 7890.65 | F145: 37.045233 | I145: STEAS00192 | J145: 2 | K145: 1184816.1 | L145: 4628.1879
A146: 1025044-2 | B146: STEAS00533 | C146: 2 | D146: 1 | E146: 42580.6 | F146: 166.3305 | I146: STEAS00194 | J146: 21 | K146: 31039.36 | L146: 115.388
A147: 1028828 | B147: STEAS01261 | C147: 1 | D147: 0 | E147: 28483.03 | F147: 133.7232 | I147: STEAS00195 | J147: 11 | K147: 53596.69 | L147: 409.13503
A148: 102AH2AG | B148: STEAS00415 | C148: 8 | D148: 3 | E148: 15293.21 | F148: 105.47044 | I148: STEAS00196 | J148: 36 | K148: 13888.77 | L148: 52.410467
... A151: 10-376001-000 | B151: STEAS00162 | C151: 1 | D151: 0 | E151: 48457.87 | F151: 187.1 | I151: STEAS00199 | J151: 20 | K151: 22381.24 | L151: 101.733
A152: 10-376001-000A | C152: 1 | D152: 1 | E152: 41341.09 | F152: 195.92933 | I152: STEAS00200 | J152: 19 | K152: 22381.24 | L152: 101.733
A153: 10-376701-000 | B153: STEAS01078 | C153: 1 | D153: 0 | E153: 2609.96 | F153: 12.369433 | I153: STEAS00201 | J153: 12 | K153: 52912.68 | L153: 269.96267
A154: 10-450701-000 | B154: STEAS00166 | C154: 3 | D154: 1 | E154: 28998.49 | F154: 109.01683 | I154: STEAS00202 | J154: 16 | K154: 2631.63 | L154: 18.797333
A155: 10-451401-000 | B155: STEAS00154 | C155: 1 | D155: 1 | E155: 17778.33 | F155: 67.088067 | I155: STEAS00203 | J155: 9 | K155: 5032.7 | L155: 26.488
A156: 10-451701-000 | B156: STEAS00036 | C156: 2 | D156: 1 | E156: 40874.61 | F156: 158.42867 | I156: STEAS00204 | J156: 13 | K156: 9299.36 | L156: 34.32
A157: 10-452701-000 | B157: STEAS00031 | C157: 1 | D157: 0 | E157: 7544.37 | F157: 38.102967 | I157: STEAS00206 | J157: 1 | K157: 2745.79 | L157: 10.2074
A158: 10500-1 | B158: STEAS04994 | C158: 1 | D158: 1 | E158: 0 | F158: 0 | I158: STEAS00207 | J158: 2 | K158: 2099.76 | L158: 15.326667
A159: 1058-34 | B159: STEAS01070 | C159: 3 | D159: 3 | E159: 7074.14 | F159: 26.200533 | I159: STEAS00208 | J159: 12 | K159: 66002.37 | L159: 709.70278
A160: 106-1-1100-02 | B160: STEAS00008 | C160: 8 | D160: 8 | E160: 11530.69 | F160: 62.328167 | I160: STEAS00209 | J160: 1 | K160: 0 | L160: 0
A161: 10-62035-2 | B161: STEAS02484 | C161: 1 | D161: 1 | E161: 2391.96 | F161: 32.76 | I161: STEAS00211 | J161: 15 | K161: 17431.82 | L161: 67.565167
A162: 10-62091-17 | B162: STEAS02272 | C162: 1 | D162: 0 | E162: 0 | F162: 0 | I162: STEAS00212 | J162: 5 | K162: 4959.66 | L162: 18.301333
A163: 10-631045-1 | B163: STEAS02507 | C163: 1 | D163: 1 | E163: 0 | F163: 0 | I163: STEAS00213 | J163: 3 | K163: 2173.82 | L163: 10.25
A164: 10-631045-2 | B164: STEAS00202 | C164: 12 | D164: 12 | E164: 937.22 | F164: 6.55 | I164: STEAS00214 | J164: 8 | K164: 5288.8 | L164: 25.065333
... A246: 11-6537-7 | B246: STEAS02370 | C246: 1 | D246: 1 | E246: 311.86 | F246: 2.64 | I246: STEAS00313 | J246: 3 | K246: 5312.62 | L246: 57.75
A247: 11-6537-9 | B247: STEAS02370 | C247: 4 | D247: 1 | E247: 1224.11 | F247: 5.49 | I247: STEAS00314 | J247: 0
A248: 116817-5 | B248: STEAS02571 | C248: 2 | D248: 2 | E248: 2115.53 | F248: 10.03 | I248: STEAS00315 | J248: 16 | K248: 22867.9 | L248: 86.29
A249: 116A1510-1 | B249: STEAS02572 | C249: 2 | D249: 2 | E249: 2822.48 | F249: 18.33 | I249: STEAS00316 | J249: 7 | K249: 1568.5 | L249: 46.13
A250: 116A1510-2 | B250: STEAS02573 | C250: 2 | D250: 1 | E250: 2822.48 | F250: 18.33 | I250: STEAS00317 | J250: 6 | K250: 17524.65 | L250: 135.85
A251: 116A1510-3 | B251: STEAS02572 | C251: 2 | D251: 1 | E251: 0 | F251: 0 | I251: STEAS00318 | J251: 3 | K251: 5513.87 | L251: 71.608889
A252: 116A1510-8 | B252: STEAS02573 | C252: 3 | D252: 3 | E252: 2846.19 | F252: 23.1399 | I252: STEAS00319 | J252: 2 | K252: 3782.11 | L252: 49.764722
A253: 1176-1 | B253: STEAS02579 | C253: 1 | D253: 1 | E253: 1064.78 | F253: 11.83 | I253: STEAS00320 | J253: 8 | K253: 29785.85 | L253: 110.7281
A254: 1180003-424-100 | B254: STEAS02363 | C254: 2 | D254: 0 | E254: 0 | F254: 0 | I254: STEAS00321 | J254: 32 | K254: 20294.98 | L254: 75.45
A255: 1180003-425-100 | B255: STEAS02364 | C255: 5 | D255: 3 | E255: 2030.13 | F255: 18.8 | I255: STEAS00322 | J255: 2 | K255: 8359.14 | L255: 31.074867
A256: 11-841193-4 | B256: STEAS00246 | C256: 6 | D256: 2 | E256: 5132.09 | F256: 30.188778 | I256: STEAS00323 | J256: 1 | K256: 0 | L256: 0
A257: 11-851154-6 | B257: STEAS00201 | C257: 3 | D257: 3 | E257: 151.52 | F257: 3.03 | I257: STEAS00324 | J257: 4 | K257: 6333.69 | L257: 29.596667
A258: 118736-12 | B258: STEAS03965 | C258: 1 | D258: 1 | E258: 1401.91 | F258: 12.08 | I258: STEAS00325 | J258: 3 | K258: 667.66 | L258: 6.2985667
A259: 1191-8 | B259: STEAS02581 | C259: 4 | D259: 4 | E259: 1488.41 | F259: 11.275833 | I259: STEAS00326 | J259: 1 | K259: 1451.06 | L259: 5.4144
... A326: 14330-004C2 | B326: STEAS00478 | C326: 4 | D326: 4 | E326: 6911.94 | F326: 75.955556 | I326: STEAS00416 | J326: 2 | K326: 1920.53 | L326: 10.32
A327: 14330-050 | B327: STEAS00522 | C327: 1 | D327: 1 | E327: 0 | F327: 0 | I327: STEAS00417 | J327: 0
A328: 14330-062 | B328: STEAS00522 | C328: 1 | D328: 1 | E328: 922.51 | F328: 4.39 | I328: STEAS00418 | J328: 3 | K328: 0 | L328: 0
A329: 14330-230 | B329: STEAS00522 | C329: 3 | D329: 3 | E329: 0 | F329: 0 | I329: STEAS00419 | J329: 3 | K329: 2059.15 | L329: 33.22
A330: 14330-350 | B330: STEAS00239 | C330: 2 | D330: 2 | E330: 46288.34 | F330: 310.66 | I330: STEAS00420 | J330: 0
A331: 14330-375 | B331: STEAS00239 | C331: 7 | D331: 7 | E331: 60460.8 | F331: 225.6 | I331: STEAS00423 | J331: 2 | K331: 0 | L331: 0
A332: 14401-085 | B332: STEAS00428 | C332: 1 | D332: 1 | E332: 3353.09 | F332: 15.967 | I332: STEAS00425 | J332: 2 | K332: 581.88 | L332: 7.66
A333: 14403-001 | B333: STEAS00472 | C333: 1 | D333: 1 | E333: 0 | F333: 0 | I333: STEAS00427 | J333: 3 | K333: 591.65 | L333: 8.22
A334: 14403-003C | B334: STEAS00504 | C334: 11 | D334: 9 | E334: 9006.87 | F334: 32.398833 | I334: STEAS00428 | J334: 1 | K334: 3353.09 | L334: 15.967
A335: 14403-085 | B335: STEAS00407 | C335: 4 | D335: 4 | E335: 721.09 | F335: 31.35 | I335: STEAS00429 | J335: 8 | K335: 16526.9 | L335: 220.36
A336: 14403-125 | B336: STEAS00407 | C336: 1 | D336: 1 | E336: 4530.13 | F336: 20.7803 | I336: STEAS00430 | J336: 4 | K336: 58745.91 | L336: 212.8475
A337: 14404-010 | B337: STEAS00806 | C337: 2 | D337: 2 | E337: 0 | F337: 0 | I337: STEAS00431 | J337: 8 | K337: 15596.28 | L337: 197.42
A338: 144-171-000-031 | B338: STEAS00847 | C338: 1 | D338: 1 | E338: 6966.19 | F338: 50.479722 | I338: STEAS00432 | J338: 11 | K338: 22767.11 | L338: 288.19
A339: 144-186-000-011 | B339: STEAS02629 | C339: 2 | D339: 2 | E339: 4276.93 | F339: 48.05 | I339: STEAS00433 | J339: 7 | K339: 2410.76 | L339: 32.578
A340: 144-187-000-011 | B340: STEAS02630 | C340: 1 | D340: 1 | E340: 12074.43 | F340: 56.16 | I340: STEAS00434 | J340: 9 | K340: 14126.16 | L340: 178.82
...

Sheet acrdData
A1: Requested PN | B1: Requested FAM Class | C1: Replacement PN | D1: Replacement FAM Class
A2: Z014H010035C | B2: STEAS00179 | C2: Z014H000131A | D2: STEAS00179
A3: Z043H0101110 | B3: STEAS00178 | C3: Z043H0100110 | D3: STEAS00178
A4: C12850AC03 | B4: STEAS00221 | C4: C12850AC02 | D4: STEAS00221
